budget,tau_over_mu,n_ads,n_obs,exp_cost,fraction_of_budget,votes_with_experimentation,votes_without_experimentation,net_votes,dollars_per_vote
500000,0.01,1,30,0,0,2500.0308180234015,2425,75.03081802340148,199.99753458851953
1000000,0.01,1,30,0,0,5000.437937874202,4925,75.43793787420236,199.98248401921418
1500000,0.01,1,30,0,0,7500.229651375945,7425,75.22965137594474,199.99387615082154
2000000,0.01,1,30,0,0,9998.843932182692,9925,73.84393218269179,200.0231240296408
2500000,0.01,1,30,0,0,12497.325292342215,12425,72.3252923422151,200.04280448168257
3000000,0.01,1,30,0,0,15001.392993280084,14925,76.39299328008383,199.9814284809323
3500000,0.01,1,30,0,0,17500.304078899662,17425,75.30407889966227,199.99652487295887
4000000,0.01,1,30,0,0,20000.93121647093,19925,75.93121647092994,199.99068826885258
4500000,0.01,1,30,0,0,22500.46050374823,22425,75.4605037482288,199.99590671712562
5000000,0.01,1,30,0,0,24999.354545266775,24925,74.35454526677495,200.005163771185
500000,0.135,1,30,0,0,2499.292183795212,2425,74.29218379521217,200.05664133304438
1000000,0.135,1,30,0,0,5000.299477399439,4925,75.29947739943873,199.9880216214732
1500000,0.135,1,30,0,0,7497.394652416492,7425,72.39465241649214,200.06950007847507
2000000,0.135,2,4030,25075,0.0125375,10016.339009585625,9925,91.33900958562481,199.67375286379607
2500000,0.135,3,14030,65075,0.02603,12592.07625846412,12425,167.07625846411975,198.53755240082464
3000000,0.135,3,15030,67575,0.022525,15193.472950444717,14925,268.47295044471684,197.4532096634423
3500000,0.135,4,25030,107575,0.030735714285714286,17813.46717290936,17425,388.46717290936067,196.48055968142933
4000000,0.135,4,30030,120075,0.03001875,20419.51088051782,19925,494.5108805178206,195.89107806771145
4500000,0.135,5,58030,205075,0.04557222222222222,23086.854324554635,22425,661.8543245546352,194.91611705687882
5000000,0.135,4,45030,157575,0.031515,25768.56245562812,24925,843.5624556281182,194.03488295513935
500000,0.26,2,3030,22575,0.04515,2495.935421691072,2425,70.93542169107195,200.32569579113343
1000000,0.26,3,15030,67575,0.067575,5220.100418791598,4925,295.1004187915978,191.56719598729293
1500000,0.26,4,30030,120075,0.08005,8081.790391944377,7425,656.790391944377,185.60243798145808
2000000,0.26,5,44030,170075,0.0850375,11030.10281781686,9925,1105.10281781686,181.3219725177368
2500000,0.26,6,46030,190075,0.07603,14046.260905631969,12425,1621.2609056319689,177.98330935157296
3000000,0.26,6,58030,220075,0.07335833333333333,17109.857154337846,14925,2184.8571543378457,175.33752461746374
3500000,0.26,8,60030,255075,0.07287857142857143,20224.102836450227,17425,2799.102836450227,173.0608288686059
4000000,0.26,8,88030,325075,0.08126875,23305.48479173203,19925,3380.4847917320294,171.6334174442516
4500000,0.26,9,103030,377575,0.08390555555555555,26551.07463846986,22425,4126.074638469861,169.48466535813765
5000000,0.26,10,104030,395075,0.079015,29681.877585969545,24925,4756.877585969545,168.45295536032637
500000,0.385,3,10030,55075,0.11015,2653.719874822417,2425,228.71987482241684,188.41476251650687
1000000,0.385,5,17030,102575,0.102575,5781.534249801771,4925,856.5342498017708,172.96446873670024
1500000,0.385,7,38030,185075,0.12338333333333333,9115.099924723076,7425,1690.0999247230757,164.56210161026527
2000000,0.385,8,45030,217575,0.1087875,12539.30675047134,9925,2614.30675047134,159.4984507357093
2500000,0.385,8,58030,250075,0.10003,16165.702912000132,12425,3740.7029120001316,154.6483944192862
3000000,0.385,10,67030,302575,0.10085833333333333,19771.782662708654,14925,4846.782662708654,151.73138665226517
3500000,0.385,11,78030,345075,0.09859285714285715,23474.676445984765,17425,6049.676445984765,149.09683667221145
4000000,0.385,13,82030,385075,0.09626875,27141.488359991556,19925,7216.488359991556,147.37585304630082
4500000,0.385,13,110030,455075,0.10112777777777777,30812.515058525023,22425,8387.515058525023,146.04455337231443
5000000,0.385,13,115030,467575,0.093515,34715.61056933912,24925,9790.610569339122,144.02742506899784
500000,0.51,3,11030,57575,0.11515,2885.736220972518,2425,460.7362209725179,173.2660096810566
1000000,0.51,6,24030,135075,0.135075,6506.025175982554,4925,1581.0251759825542,153.70367819841366
1500000,0.51,8,33030,187575,0.12505,10301.648467117646,7425,2876.648467117646,145.6077641154157
2000000,0.51,9,41030,222575,0.1112875,14304.09124865795,9925,4379.091248657949,139.82013713647456
2500000,0.51,13,58030,325075,0.13003,18442.41694905721,12425,6017.416949057209,135.5570697108549
3000000,0.51,12,63030,322575,0.107525,22638.280273875946,14925,7713.280273875946,132.51890000946455
3500000,0.51,13,71030,357575,0.10216428571428571,26949.263143316348,17425,9524.263143316348,129.87368082707783
4000000,0.51,13,78030,375075,0.09376875,31268.075886579663,19925,11343.075886579663,127.92600396997277
4500000,0.51,16,106030,490075,0.10890555555555556,35560.74288059588,22425,13135.742880595877,126.54403804526468
5000000,0.51,16,107030,492575,0.098515,40122.24875646365,24925,15197.248756463647,124.6191366378612
500000,0.635,4,10030,70075,0.14015,3217.0359774789604,2425,792.0359774789604,155.42257018581012
1000000,0.635,6,23030,132575,0.132575,7212.210626517095,4925,2287.210626517095,138.65374318427496
1500000,0.635,10,31030,212575,0.14171666666666666,11556.869133895145,7425,4131.869133895145,129.7929380891447
2000000,0.635,11,43030,257575,0.1287875,16095.94739859581,9925,6170.94739859581,124.2548792234794
2500000,0.635,13,59030,327575,0.13103,20820.0921249367,12425,8395.092124936698,120.07631786632169
3000000,0.635,16,72030,405075,0.135025,25709.658027644615,14925,10784.658027644615,116.68766643158826
3500000,0.635,16,77030,417575,0.11930714285714286,30494.017130946297,17425,13069.017130946297,114.77661289984943
4000000,0.635,18,84030,465075,0.11626875,35456.1199786288,19925,15531.119978628798,112.81550272311249
4500000,0.635,17,86030,455075,0.10112777777777777,40616.52778233372,22425,18191.527782333716,110.7923361670834
5000000,0.635,22,117030,607575,0.121515,45523.46320681397,24925,20598.46320681397,109.83347152840511
500000,0.76,5,12030,90075,0.18015,3523.209028478005,2425,1098.2090284780052,141.91607592922057
1000000,0.76,7,23030,147575,0.147575,8064.143413831978,4925,3139.1434138319783,124.0057311337935
1500000,0.76,9,33030,202575,0.13505,12871.189559739953,7425,5446.1895597399525,116.53934494849486
2000000,0.76,12,41030,267575,0.1337875,18034.180942840532,9925,8109.180942840532,110.90051754160694
2500000,0.76,15,51030,337575,0.13503,23333.868180414334,12425,10908.868180414334,107.14040126867675
3000000,0.76,14,48030,315075,0.105025,28749.867528255498,14925,13824.867528255498,104.3483068939913
3500000,0.76,18,71030,432575,0.12359285714285714,34410.962693723355,17425,16985.962693723355,101.71177223816551
4000000,0.76,19,81030,472575,0.11814375,39979.950883515725,19925,20054.950883515725,100.05014792675131
4500000,0.76,24,86030,560075,0.1244611111111111,45453.22752602485,22425,23028.22752602485,99.0028705315473
5000000,0.76,23,106030,595075,0.119015,51302.85882027141,24925,26377.85882027141,97.46045571293465
500000,0.885,5,13030,92575,0.18515,3814.3859950939304,2425,1389.3859950939304,131.08269604678205
1000000,0.885,8,17030,147575,0.147575,8796.33638693684,4925,3871.3363869368404,113.68369239324092
1500000,0.885,11,27030,217575,0.14505,14310.40015713326,7425,6885.400157133259,104.81887183652931
2000000,0.885,13,38030,275075,0.1375375,19934.471921102595,9925,10009.471921102595,100.32871740549112
2500000,0.885,18,56030,395075,0.15803,25795.601182009657,12425,13370.601182009657,96.91574863328044
3000000,0.885,18,60030,405075,0.135025,32011.673772019243,14925,17086.673772019243,93.71581196801522
3500000,0.885,20,74030,470075,0.13430714285714285,38050.99480461579,17425,20625.994804615788,91.98182644032822
4000000,0.885,21,84030,510075,0.12751875,44362.350905952786,19925,24437.350905952786,90.16654704526171
4500000,0.885,25,79030,557575,0.12390555555555556,50608.532719303425,22425,28183.532719303425,88.917812040885
5000000,0.885,24,85030,557575,0.111515,57321.98593980353,24925,32396.985939803533,87.22656617743026
500000,1.01,5,10030,85075,0.17015,4181.08060248579,2425,1756.0806024857902,119.58630974555561
1000000,1.01,8,21030,157575,0.157575,9607.193641852558,4925,4682.193641852558,104.08866910349583
1500000,1.01,10,26030,200075,0.13338333333333333,15654.596433899593,7425,8229.596433899593,95.81850329605379
2000000,1.01,14,39030,292575,0.1462875,21998.361885090897,9925,12073.361885090897,90.91586048302415
2500000,1.01,17,45030,352575,0.14103,28374.74955840778,12425,15949.74955840778,88.10650451218591
3000000,1.01,18,60030,405075,0.135025,35002.70985411114,14925,20077.70985411114,85.70764985064845
3500000,1.01,22,62030,470075,0.13430714285714285,41755.36905911413,17425,24330.369059114128,83.8215558589594
4000000,1.01,24,64030,505075,0.12626875,48910.43544497273,19925,28985.435444972733,81.78213838435865
4500000,1.01,24,76030,535075,0.11890555555555556,55788.99376076908,22425,33363.99376076908,80.66107123739536
5000000,1.01,29,78030,615075,0.123015,62913.90735948642,24925,37988.90735948642,79.47368411614129
