outcome,dataset,tau,tau_low,tau_high,mu,mu_low,mu_high
favorability,2018,1.669671873704016,1.2894100698924498,2.1121834182729473,2.622631670856547,2.1014192969497687,3.143844044763325
favorability,2020 Downballot,0.8491011305505436,0.5049925855386762,1.2017596633064718,1.4199637616009075,1.065258810002339,1.774668713199476
favorability,2020 Presidential,0.4389752112601896,0.29361880071694085,0.5823157375438562,0.956290078509441,0.7892487195785068,1.1233314374403751
votechoice,2018,1.4162556296611026,0.903195170916982,1.9901968195568005,2.2737217102732887,1.6035646604143132,2.9438787601322645
votechoice,2020 Downballot,0.4712281659940731,0,0.8504022409485384,1.1841170229260862,0.8550529387580139,1.5131811070941583
votechoice,2020 Presidential,0.3429869761008556,0.13798100501386476,0.4955434253829421,0.8471255911117955,0.6913913415934163,1.0028598406301747
votechoice_dichotomized,2018,1.6687182212946214,1.0556617398805153,2.362189837365804,2.6380882355251107,1.8296457215241455,3.446530749526076
votechoice_dichotomized,2020 Downballot,0.661249569626456,0,1.2934732400563165,1.508127141344045,0.982724448173142,2.0335298345149475
votechoice_dichotomized,2020 Presidential,0.5045182479532334,0.03033815512261489,0.7651298011910057,1.0667289329665484,0.8105202815946773,1.3229375843384197
