metareg_group,metareg_name,term,term_name,outcome,outcome_name,estimand,panel,estimate,std.error,lower,upper,printed
new,Pushiness,how_pushy,How pushy,favorability,Favorability,2020 Downballot,Metaregression coefficient,0.8670866197804715,0.3164755970408735,0.2408385260992466,1.4933347134616963,0.9
new,Pushiness,how_pushy,How pushy,favorability,Favorability,2020 Presidential,Metaregression coefficient,0.2718401350875702,0.1213592073480625,0.03225458513213339,0.511425685043007,0.3
new,Pushiness,how_pushy,How pushy,favorability,Favorability,Combined,Metaregression coefficient,0.3481497917626182,0.11331347491876254,0.1215228419250931,0.5747767416001432,0.3
new,Pushiness,how_pushy,How pushy,favorability,Favorability,2020P-2020D,Difference-in-coefficients,-0.5952464846929013,0.33894669305146996,-1.2731398707958412,0.08264690141003861,-0.6
new,Pushiness,how_pushy,How pushy,votechoice,Vote choice,2020 Downballot,Metaregression coefficient,0.2070466592376443,0.2439691075555152,-0.27443476406113343,0.6885280825364221,0.2
new,Pushiness,how_pushy,How pushy,votechoice,Vote choice,2020 Presidential,Metaregression coefficient,0.2396094095145991,0.10190769691159722,0.03903693297993729,0.440181886049261,0.2
new,Pushiness,how_pushy,How pushy,votechoice,Vote choice,Combined,Metaregression coefficient,0.23477192093672924,0.0940338623087269,0.04670419631927544,0.4228396455541831,0.2
new,Pushiness,how_pushy,How pushy,votechoice,Vote choice,2020P-2020D,Difference-in-coefficients,0.03256275027695485,0.26439762504844955,-0.4962324998199442,0.561358000373854,0.0
new,Issue: BLM/Race,issue_blm_race,Issue: BLM/Race,favorability,Favorability,2020 Downballot,Metaregression coefficient,0.03236688813691102,1.3044522372915162,-2.5489086811023656,2.613642457376188,0.0
new,Issue: BLM/Race,issue_blm_race,Issue: BLM/Race,favorability,Favorability,2020 Presidential,Metaregression coefficient,-0.31604788299227354,0.17184114391794045,-0.6552941245441999,0.0231983585596528,-0.3
new,Issue: BLM/Race,issue_blm_race,Issue: BLM/Race,favorability,Favorability,Combined,Metaregression coefficient,-0.3101046543815956,0.17036921432609906,-0.6508430830337937,0.030633774270602487,-0.3
new,Issue: BLM/Race,issue_blm_race,Issue: BLM/Race,favorability,Favorability,2020P-2020D,Difference-in-coefficients,-0.34841477112918456,1.315722242009258,-2.9798592551477006,2.2830297128893315,-0.3
new,Issue: BLM/Race,issue_blm_race,Issue: BLM/Race,votechoice,Vote choice,2020 Downballot,Metaregression coefficient,0.10227838231735416,0.5779028183818493,-1.0382327025114992,1.2427894671462074,0.1
new,Issue: BLM/Race,issue_blm_race,Issue: BLM/Race,votechoice,Vote choice,2020 Presidential,Metaregression coefficient,-0.09080785661014364,0.14675826459977892,-0.3796542291097761,0.19803851588948876,-0.1
new,Issue: BLM/Race,issue_blm_race,Issue: BLM/Race,votechoice,Vote choice,Combined,Metaregression coefficient,-0.07911003329046885,0.1422432543094337,-0.3635965419093362,0.20537647532839853,-0.1
new,Issue: BLM/Race,issue_blm_race,Issue: BLM/Race,votechoice,Vote choice,2020P-2020D,Difference-in-coefficients,-0.19308623892749785,0.5962463045772473,-1.3855788480819924,0.9994063702269966,-0.2
new,Issue: COVID-19,issue_covid,Issue: COVID-19,favorability,Favorability,2020 Downballot,Metaregression coefficient,-0.8314920479745749,0.35371034512880434,-1.5314209885419363,-0.13156310740721333,-0.8
new,Issue: COVID-19,issue_covid,Issue: COVID-19,favorability,Favorability,2020 Presidential,Metaregression coefficient,0.16692621037284616,0.14868270933243624,-0.12660099257031643,0.4604534133160087,0.2
new,Issue: COVID-19,issue_covid,Issue: COVID-19,favorability,Favorability,Combined,Metaregression coefficient,0.01700128456597781,0.13706558565225008,-0.25712988673852233,0.291132455870478,0.0
new,Issue: COVID-19,issue_covid,Issue: COVID-19,favorability,Favorability,2020P-2020D,Difference-in-coefficients,0.998418258347421,0.3836894008251617,0.2310394566970977,1.7657970599977444,1.0
new,Issue: COVID-19,issue_covid,Issue: COVID-19,votechoice,Vote choice,2020 Downballot,Metaregression coefficient,-0.06021129725866803,0.2984040051787643,-0.649121862908189,0.5286992683908529,-0.1
new,Issue: COVID-19,issue_covid,Issue: COVID-19,votechoice,Vote choice,2020 Presidential,Metaregression coefficient,-0.06099290736295097,0.13297654933326863,-0.3227144125005289,0.20072859777462695,-0.1
new,Issue: COVID-19,issue_covid,Issue: COVID-19,votechoice,Vote choice,Combined,Metaregression coefficient,-0.06086340935731856,0.12146218946166136,-0.3037877882806413,0.18206096956600415,-0.1
new,Issue: COVID-19,issue_covid,Issue: COVID-19,votechoice,Vote choice,2020P-2020D,Difference-in-coefficients,-7.816101042829315e-4,0.32669207670115175,-0.6541657635065864,0.6526025432980206,-0.0
new,Issue: Decency,issue_decency,Issue: Decency,favorability,Favorability,2020 Downballot,Metaregression coefficient,1.8960494358128983,0.5010508939749955,0.904560138934856,2.887538732690941,1.9
new,Issue: Decency,issue_decency,Issue: Decency,favorability,Favorability,2020 Presidential,Metaregression coefficient,-0.3181909074255839,0.14268037034370065,-0.5998683816249626,-0.03651343322620531,-0.3
new,Issue: Decency,issue_decency,Issue: Decency,favorability,Favorability,Combined,Metaregression coefficient,-0.15210687838042125,0.13722504997710977,-0.4265569783346408,0.12234322157379829,-0.2
new,Issue: Decency,issue_decency,Issue: Decency,favorability,Favorability,2020P-2020D,Difference-in-coefficients,-2.2142403432384823,0.5209699477268892,-3.2561802386922607,-1.1723004477847039,-2.2
new,Issue: Decency,issue_decency,Issue: Decency,votechoice,Vote choice,2020 Downballot,Metaregression coefficient,0.6020807527953298,0.4353467740199964,-0.25709107631005035,1.4612525819007098,0.6
new,Issue: Decency,issue_decency,Issue: Decency,votechoice,Vote choice,2020 Presidential,Metaregression coefficient,0.06915334542243441,0.12894472536358234,-0.1846328128958223,0.32293950374069114,0.1
new,Issue: Decency,issue_decency,Issue: Decency,votechoice,Vote choice,Combined,Metaregression coefficient,0.11213512459543688,0.12363558754855616,-0.13513605050167543,0.3594062996925492,0.1
new,Issue: Decency,issue_decency,Issue: Decency,votechoice,Vote choice,2020P-2020D,Difference-in-coefficients,-0.5329274073728953,0.4540413591829576,-1.4410101257388106,0.3751553109930199,-0.5
new,Messenger: Everyday people,messenger_every_people,Messenger: Everyday people,favorability,Favorability,2020 Downballot,Metaregression coefficient,0.35630676350474955,0.37059847806006,-0.37704074441163904,1.089654271421138,0.4
new,Messenger: Everyday people,messenger_every_people,Messenger: Everyday people,favorability,Favorability,2020 Presidential,Metaregression coefficient,0.22137410463896345,0.13594559468107137,-0.04700767518158,0.4897558844595069,0.2
new,Messenger: Everyday people,messenger_every_people,Messenger: Everyday people,favorability,Favorability,Combined,Metaregression coefficient,0.2373774873210831,0.12762947640355787,-0.017881465486032644,0.49263644012819885,0.2
new,Messenger: Everyday people,messenger_every_people,Messenger: Everyday people,favorability,Favorability,2020P-2020D,Difference-in-coefficients,-0.1349326588657861,0.3947460407067091,-0.9244247402792043,0.6545594225476321,-0.1
new,Messenger: Everyday people,messenger_every_people,Messenger: Everyday people,votechoice,Vote choice,2020 Downballot,Metaregression coefficient,-0.12022703278599928,0.3106389205258852,-0.7332836246037365,0.4928295590317379,-0.1
new,Messenger: Everyday people,messenger_every_people,Messenger: Everyday people,votechoice,Vote choice,2020 Presidential,Metaregression coefficient,0.1012954986794988,0.11732955329707782,-0.1296299347145553,0.3322209320735529,0.1
new,Messenger: Everyday people,messenger_every_people,Messenger: Everyday people,votechoice,Vote choice,Combined,Metaregression coefficient,0.07363857513936013,0.1097612009061245,-0.14588382667288885,0.29316097695160914,0.1
new,Messenger: Everyday people,messenger_every_people,Messenger: Everyday people,votechoice,Vote choice,2020P-2020D,Difference-in-coefficients,0.2215225314654981,0.33205837291412943,-0.44259421436276075,0.8856392772937569,0.2
new,Messenger: Healthcare worker,messenger_healthcare,Messenger: Healthcare worker,favorability,Favorability,2020 Downballot,Metaregression coefficient,-1.043392038855904,0.7049148465068381,-2.43829130742569,0.35150722971388126,-1.0
new,Messenger: Healthcare worker,messenger_healthcare,Messenger: Healthcare worker,favorability,Favorability,2020 Presidential,Metaregression coefficient,0.176234538914696,0.3863102249235412,-0.5864133863166049,0.9388824641459969,0.2
new,Messenger: Healthcare worker,messenger_healthcare,Messenger: Healthcare worker,favorability,Favorability,Combined,Metaregression coefficient,-0.1054560270192548,0.3387734514465995,-0.7830029299124538,0.5720908758739441,-0.1
new,Messenger: Healthcare worker,messenger_healthcare,Messenger: Healthcare worker,favorability,Favorability,2020P-2020D,Difference-in-coefficients,1.2196265777706,0.80382866999519,-0.38803076221978006,2.8272839177609796,1.2
new,Messenger: Healthcare worker,messenger_healthcare,Messenger: Healthcare worker,votechoice,Vote choice,2020 Downballot,Metaregression coefficient,0.0134449471696197,0.4926921234384965,-0.9588999009881924,0.9857897953274318,0.0
new,Messenger: Healthcare worker,messenger_healthcare,Messenger: Healthcare worker,votechoice,Vote choice,2020 Presidential,Metaregression coefficient,0.48364353945362104,0.3626731955212535,-0.2301618275888686,1.197448906496111,0.5
new,Messenger: Healthcare worker,messenger_healthcare,Messenger: Healthcare worker,votechoice,Vote choice,Combined,Metaregression coefficient,0.3184022150449333,0.29207493631417747,-0.2657476575834216,0.9025520876732882,0.3
new,Messenger: Healthcare worker,messenger_healthcare,Messenger: Healthcare worker,votechoice,Vote choice,2020P-2020D,Difference-in-coefficients,0.47019859228400135,0.611782130539894,-0.7533656687957868,1.6937628533637894,0.5
new,Messenger: Republican,messenger_republican,Messenger: Republican,favorability,Favorability,2020 Downballot,Metaregression coefficient,2.5634626063929966,1.3407303000971127,-0.08960070220717098,5.216525914993165,2.6
new,Messenger: Republican,messenger_republican,Messenger: Republican,favorability,Favorability,2020 Presidential,Metaregression coefficient,-0.09058279967619748,0.2416610036221154,-0.5676663743038104,0.38650077495141544,-0.1
new,Messenger: Republican,messenger_republican,Messenger: Republican,favorability,Favorability,Combined,Metaregression coefficient,-0.0070699302167925,0.23782853088179717,-0.4827269919803868,0.46858713154680187,-0.0
new,Messenger: Republican,messenger_republican,Messenger: Republican,favorability,Favorability,2020P-2020D,Difference-in-coefficients,-2.6540454060691943,1.3623354132775607,-5.378716232624315,0.07062542048592713,-2.7
new,Messenger: Republican,messenger_republican,Messenger: Republican,votechoice,Vote choice,2020 Downballot,Metaregression coefficient,1.6567821873204016,0.6335166262202573,0.406515340291171,2.907049034349632,1.7
new,Messenger: Republican,messenger_republican,Messenger: Republican,votechoice,Vote choice,2020 Presidential,Metaregression coefficient,0.22626400438385125,0.1920276432589507,-0.15168055857662516,0.6042085673443276,0.2
new,Messenger: Republican,messenger_republican,Messenger: Republican,votechoice,Vote choice,Combined,Metaregression coefficient,0.34663746372280557,0.1837708807515064,-0.02090429778020725,0.7141792252258183,0.3
new,Messenger: Republican,messenger_republican,Messenger: Republican,votechoice,Vote choice,2020P-2020D,Difference-in-coefficients,-1.4305181829365503,0.6619803104874676,-2.7544788039114856,-0.10655756196161503,-1.4
overall,Overall,intercept,ATE,favorability,Favorability,2018,Metaregression coefficient,2.622631670856547,0.26347296525198394,2.1014192969497687,3.143844044763325,2.6
overall,Overall,intercept,ATE,favorability,Favorability,2020 Downballot,Metaregression coefficient,1.4199637616009075,0.17929057052019465,1.065258810002339,1.774668713199476,1.4
overall,Overall,intercept,ATE,favorability,Favorability,2020 Presidential,Metaregression coefficient,0.956290078509441,0.08461644347987651,0.7892487195785068,1.1233314374403751,1.0
overall,Overall,intercept,ATE,favorability,Favorability,Combined,Metaregression coefficient,1.16381130421123,0.0734856530639958,1.0168399980832383,1.3107826103392215,1.2
overall,Overall,intercept,ATE,favorability,Favorability,2020D-2018,Difference-in-coefficients,-1.2026679092556394,0.31868967993352093,-1.8400472691226812,-0.5652885493885975,-1.2
overall,Overall,intercept,ATE,favorability,Favorability,2020P-2018,Difference-in-coefficients,-1.666341592347106,0.276727204889321,-2.219796002125748,-1.112887182568464,-1.7
overall,Overall,intercept,ATE,favorability,Favorability,2020P-2020D,Difference-in-coefficients,-0.4636736830914665,0.1982550155346392,-0.8601837141607449,-0.0671636520221881,-0.5
overall,Overall,intercept,ATE,votechoice,Vote choice,2018,Metaregression coefficient,2.2737217102732887,0.33782657470216143,1.6035646604143132,2.9438787601322645,2.3
overall,Overall,intercept,ATE,votechoice,Vote choice,2020 Downballot,Metaregression coefficient,1.1841170229260862,0.1667641110814644,0.8550529387580139,1.5131811070941583,1.2
overall,Overall,intercept,ATE,votechoice,Vote choice,2020 Presidential,Metaregression coefficient,0.8471255911117955,0.0791272437515037,0.6913913415934163,1.0028598406301747,0.8
overall,Overall,intercept,ATE,votechoice,Vote choice,Combined,Metaregression coefficient,0.9675428519855797,0.06993931516263524,0.8276642216603092,1.1074214823108501,1.0
overall,Overall,intercept,ATE,votechoice,Vote choice,2020D-2018,Difference-in-coefficients,-1.0896046873472025,0.3767453560693032,-1.8430953994858088,-0.3361139752085961,-1.1
overall,Overall,intercept,ATE,votechoice,Vote choice,2020P-2018,Difference-in-coefficients,-1.426596119161493,0.34696961722707786,-2.120535353615649,-0.7326568847073374,-1.4
overall,Overall,intercept,ATE,votechoice,Vote choice,2020P-2020D,Difference-in-coefficients,-0.3369914318142907,0.1845843694587949,-0.7061601707318805,0.03217730710329908,-0.3
primary,Fact type,candidate_facts,Candidate facts,favorability,Favorability,2018,Metaregression coefficient,1.9591243080735017,0.7509630312123494,0.4728752677151764,3.445373348431827,2.0
primary,Fact type,candidate_facts,Candidate facts,favorability,Favorability,2020 Downballot,Metaregression coefficient,1.324983198991537,0.500843383129145,0.33367384923092047,2.3162925487521537,1.3
primary,Fact type,candidate_facts,Candidate facts,favorability,Favorability,2020 Presidential,Metaregression coefficient,-0.10698750490412344,0.2110255219660973,-0.5236459245880476,0.3096709147798007,-0.1
primary,Fact type,candidate_facts,Candidate facts,favorability,Favorability,Combined,Metaregression coefficient,0.2251786925435183,0.1882587008738053,-0.15133870920409231,0.6016960942911289,0.2
primary,Fact type,candidate_facts,Candidate facts,favorability,Favorability,2020D-2018,Difference-in-coefficients,-0.6341411090819646,0.9026569496059328,-2.43945500829383,1.171172790129901,-0.6
primary,Fact type,candidate_facts,Candidate facts,favorability,Favorability,2020P-2018,Difference-in-coefficients,-2.066111812977625,0.7800495145621872,-3.626210842101999,-0.5060127838532507,-2.1
primary,Fact type,candidate_facts,Candidate facts,favorability,Favorability,2020P-2020D,Difference-in-coefficients,-1.4319707038956604,0.5434849265115927,-2.518940556918846,-0.3450008508724749,-1.4
primary,Fact type,candidate_facts,Candidate facts,votechoice,Vote choice,2018,Metaregression coefficient,1.4393205286719413,0.9358430138084416,-0.4185627536148766,3.2972038109587594,1.4
primary,Fact type,candidate_facts,Candidate facts,votechoice,Vote choice,2020 Downballot,Metaregression coefficient,0.9940558212155258,0.4099060786140345,0.18499495243118247,1.8031166899998692,1.0
primary,Fact type,candidate_facts,Candidate facts,votechoice,Vote choice,2020 Presidential,Metaregression coefficient,-0.15728474844347445,0.17280976847498358,-0.49742001407783,0.1828505171908811,-0.2
primary,Fact type,candidate_facts,Candidate facts,votechoice,Vote choice,Combined,Metaregression coefficient,0.05650113390452832,0.15698105788990008,-0.25746098187527183,0.3704632496843285,0.1
primary,Fact type,candidate_facts,Candidate facts,votechoice,Vote choice,2020D-2018,Difference-in-coefficients,-0.44526470745641544,1.021677610491099,-2.4886199284386135,1.5980905135257824,-0.4
primary,Fact type,candidate_facts,Candidate facts,votechoice,Vote choice,2020P-2018,Difference-in-coefficients,-1.5966052771154158,0.9516645220740576,-3.499934321263531,0.30672376703269943,-1.6
primary,Fact type,candidate_facts,Candidate facts,votechoice,Vote choice,2020P-2020D,Difference-in-coefficients,-1.1513405696590002,0.44484402813245955,-2.041028625923919,-0.26165251339408113,-1.2
primary,New fact (where fact present),fact_new_only,New fact (where fact present),favorability,Favorability,2018,Metaregression coefficient,-1.1639664900058748,0.6196949949733666,-2.3909194524310418,0.06298647241929212,-1.2
primary,New fact (where fact present),fact_new_only,New fact (where fact present),favorability,Favorability,2020 Downballot,Metaregression coefficient,0.9834000176602222,0.4289601083051987,0.1341603396772113,1.8326396956432331,1.0
primary,New fact (where fact present),fact_new_only,New fact (where fact present),favorability,Favorability,2020 Presidential,Metaregression coefficient,0.08080787754338786,0.14614666047049032,-0.20816843186042383,0.3697841869471995,0.1
primary,New fact (where fact present),fact_new_only,New fact (where fact present),favorability,Favorability,Combined,Metaregression coefficient,0.1111372399888918,0.1350148578085989,-0.158892475628306,0.3811669556060896,0.1
primary,New fact (where fact present),fact_new_only,New fact (where fact present),favorability,Favorability,2020D-2018,Difference-in-coefficients,2.147366507666097,0.7536767618231629,0.6400129840197712,3.654720031312423,2.1
primary,New fact (where fact present),fact_new_only,New fact (where fact present),favorability,Favorability,2020P-2018,Difference-in-coefficients,1.2447743675492626,0.6366951650214705,-0.02861596249367837,2.5181646975922036,1.2
primary,New fact (where fact present),fact_new_only,New fact (where fact present),favorability,Favorability,2020P-2020D,Difference-in-coefficients,-0.9025921401168344,0.4531728377604781,-1.8089378156377907,0.0037535354041218216,-0.9
primary,New fact (where fact present),fact_new_only,New fact (where fact present),votechoice,Vote choice,2018,Metaregression coefficient,-0.97905391507396,0.7567309185454009,-2.4826621314814945,0.5245543013335741,-1.0
primary,New fact (where fact present),fact_new_only,New fact (where fact present),votechoice,Vote choice,2020 Downballot,Metaregression coefficient,0.2566015357429142,0.3526328738217692,-0.439716019067674,0.9529190905535024,0.3
primary,New fact (where fact present),fact_new_only,New fact (where fact present),votechoice,Vote choice,2020 Presidential,Metaregression coefficient,-0.04925665470159628,0.14173214165401934,-0.32850326389600637,0.2299899544928138,-0.0
primary,New fact (where fact present),fact_new_only,New fact (where fact present),votechoice,Vote choice,Combined,Metaregression coefficient,-0.0352232216303952,0.1295655557666813,-0.2943543331637578,0.2239078899029674,-0.0
primary,New fact (where fact present),fact_new_only,New fact (where fact present),votechoice,Vote choice,2020D-2018,Difference-in-coefficients,1.2356554508168744,0.8348602438626276,-0.4340650369083807,2.9053759385421296,1.2
primary,New fact (where fact present),fact_new_only,New fact (where fact present),votechoice,Vote choice,2020P-2018,Difference-in-coefficients,0.929797260372364,0.7698893966411027,-0.6099815329098414,2.4695760536545692,0.9
primary,New fact (where fact present),fact_new_only,New fact (where fact present),votechoice,Vote choice,2020P-2020D,Difference-in-coefficients,-0.3058581904445105,0.3800499226123258,-1.065958035669162,0.45424165478014106,-0.3
primary,Fact type,policy_facts,Policy facts,favorability,Favorability,2018,Metaregression coefficient,-0.3266119875398333,0.6676110432581425,-1.647897098969587,0.9946731238899204,-0.3
primary,Fact type,policy_facts,Policy facts,favorability,Favorability,2020 Downballot,Metaregression coefficient,-0.01800315735475595,0.5764488580948762,-1.158956920421509,1.1229506057119971,-0.0
primary,Fact type,policy_facts,Policy facts,favorability,Favorability,2020 Presidential,Metaregression coefficient,0.26356745078728677,0.21883024952751295,-0.16850097912433604,0.6956358806989096,0.3
primary,Fact type,policy_facts,Policy facts,favorability,Favorability,Combined,Metaregression coefficient,0.18048154387874676,0.19560647955764449,-0.2107314152365422,0.5716945029940357,0.2
primary,Fact type,policy_facts,Policy facts,favorability,Favorability,2020D-2018,Difference-in-coefficients,0.30860883018507734,0.8820418306855475,-1.4554748311860177,2.0726924915561726,0.3
primary,Fact type,policy_facts,Policy facts,favorability,Favorability,2020P-2018,Difference-in-coefficients,0.59017943832712,0.7025604480672812,-0.8149414578074424,1.9953003344616826,0.6
primary,Fact type,policy_facts,Policy facts,favorability,Favorability,2020P-2020D,Difference-in-coefficients,0.2815706081420427,0.6165873531845754,-0.951604098227108,1.5147453145111935,0.3
primary,Fact type,policy_facts,Policy facts,votechoice,Vote choice,2018,Metaregression coefficient,0.17420625137549228,0.8630814943807393,-1.539227151450895,1.8876396542018796,0.2
primary,Fact type,policy_facts,Policy facts,votechoice,Vote choice,2020 Downballot,Metaregression coefficient,-0.19868166566579903,0.4475400080710559,-1.082023305706858,0.6846599743752599,-0.2
primary,Fact type,policy_facts,Policy facts,votechoice,Vote choice,2020 Presidential,Metaregression coefficient,0.4582110427985058,0.1917613354859034,0.0807740879348191,0.8356479976621924,0.5
primary,Fact type,policy_facts,Policy facts,votechoice,Vote choice,Combined,Metaregression coefficient,0.34902540505258284,0.17269777826448696,0.003629848523608925,0.6944209615815568,0.3
primary,Fact type,policy_facts,Policy facts,votechoice,Vote choice,2020D-2018,Difference-in-coefficients,-0.3728879170412913,0.972214855248947,-2.317317627539185,1.5715417934566027,-0.4
primary,Fact type,policy_facts,Policy facts,votechoice,Vote choice,2020P-2018,Difference-in-coefficients,0.2840047914230135,0.8841278616409661,-1.4842509318589188,2.0522605147049457,0.3
primary,Fact type,policy_facts,Policy facts,votechoice,Vote choice,2020P-2020D,Difference-in-coefficients,0.6568927084643048,0.4868926664179467,-0.3168926243715886,1.6306780413001982,0.7
primary,Primary focus,primary_focus_candidate,Primary focus: Candidate,favorability,Favorability,2018,Metaregression coefficient,1.936814343283585,0.7359500749653668,0.48050195837609744,3.3931267281910724,1.9
primary,Primary focus,primary_focus_candidate,Primary focus: Candidate,favorability,Favorability,2020 Downballot,Metaregression coefficient,0.42791925353680105,0.4996205002978294,-0.5608150287044462,1.4166535357780483,0.4
primary,Primary focus,primary_focus_candidate,Primary focus: Candidate,favorability,Favorability,2020 Presidential,Metaregression coefficient,-0.10245187485673742,0.17879223922955376,-0.45543620010965696,0.25053245039618216,-0.1
primary,Primary focus,primary_focus_candidate,Primary focus: Candidate,favorability,Favorability,Combined,Metaregression coefficient,0.05615373335159601,0.1640999523031511,-0.2720461712547062,0.38435363795789823,0.1
primary,Primary focus,primary_focus_candidate,Primary focus: Candidate,favorability,Favorability,2020D-2018,Difference-in-coefficients,-1.508895089746784,0.8895184973677513,-3.2879320844822866,0.2701419049887186,-1.5
primary,Primary focus,primary_focus_candidate,Primary focus: Candidate,favorability,Favorability,2020P-2018,Difference-in-coefficients,-2.0392662181403223,0.7573567043673984,-3.553979626875119,-0.5245528094055254,-2.0
primary,Primary focus,primary_focus_candidate,Primary focus: Candidate,favorability,Favorability,2020P-2020D,Difference-in-coefficients,-0.5303711283935385,0.5306480086899142,-1.5916671457733669,0.53092488898629,-0.5
primary,Primary focus,primary_focus_candidate,Primary focus: Candidate,votechoice,Vote choice,2018,Metaregression coefficient,0.4530076408541888,0.9353509621168624,-1.403405100719636,2.3094203824280135,0.5
primary,Primary focus,primary_focus_candidate,Primary focus: Candidate,votechoice,Vote choice,2020 Downballot,Metaregression coefficient,0.04492609070546188,0.3851273861896233,-0.7151661181182964,0.8050182995292201,0.0
primary,Primary focus,primary_focus_candidate,Primary focus: Candidate,votechoice,Vote choice,2020 Presidential,Metaregression coefficient,-0.16679913205477798,0.16351275489119238,-0.48862598851869854,0.1550277244091426,-0.2
primary,Primary focus,primary_focus_candidate,Primary focus: Candidate,votechoice,Vote choice,Combined,Metaregression coefficient,-0.11963557491422172,0.1485977379144855,-0.4168310507431927,0.17755990091474927,-0.1
primary,Primary focus,primary_focus_candidate,Primary focus: Candidate,votechoice,Vote choice,2020D-2018,Difference-in-coefficients,-0.4080815501487269,1.0115357264704947,-2.431153003089716,1.6149899027922625,-0.4
primary,Primary focus,primary_focus_candidate,Primary focus: Candidate,votechoice,Vote choice,2020P-2018,Difference-in-coefficients,-0.6198067729089667,0.9495355935114004,-2.5188779599317677,1.279264414113834,-0.6
primary,Primary focus,primary_focus_candidate,Primary focus: Candidate,votechoice,Vote choice,2020P-2020D,Difference-in-coefficients,-0.21172522276023983,0.4184011527294809,-1.0485275282192017,0.625077082698722,-0.2
primary,Primary focus,primary_focus_issues,Primary focus: Issues,favorability,Favorability,2018,Metaregression coefficient,2.489416416162127,0.7195073409937478,1.065641234441601,3.9131915978826526,2.5
primary,Primary focus,primary_focus_issues,Primary focus: Issues,favorability,Favorability,2020 Downballot,Metaregression coefficient,-0.9723504900471028,0.6068182340753009,-2.1732259360339823,0.22852495593977665,-1.0
primary,Primary focus,primary_focus_issues,Primary focus: Issues,favorability,Favorability,2020 Presidential,Metaregression coefficient,0.4614960040963957,0.1678735259735056,0.13006817731300924,0.7929238308797821,0.5
primary,Primary focus,primary_focus_issues,Primary focus: Issues,favorability,Favorability,Combined,Metaregression coefficient,0.46207751215333526,0.1578544130560014,0.14636868604133246,0.777786338265338,0.5
primary,Primary focus,primary_focus_issues,Primary focus: Issues,favorability,Favorability,2020D-2018,Difference-in-coefficients,-3.4617669062092298,0.9412327995507592,-5.344232505310748,-1.5793013071077113,-3.5
primary,Primary focus,primary_focus_issues,Primary focus: Issues,favorability,Favorability,2020P-2018,Difference-in-coefficients,-2.0279204120657313,0.7388317362340836,-3.5055838845338982,-0.550256939597564,-2.0
primary,Primary focus,primary_focus_issues,Primary focus: Issues,favorability,Favorability,2020P-2020D,Difference-in-coefficients,1.4338464941434983,0.6296109035976457,0.17462468694820688,2.6930683013387897,1.4
primary,Primary focus,primary_focus_issues,Primary focus: Issues,votechoice,Vote choice,2018,Metaregression coefficient,2.2387055711286346,0.8717402408234075,0.508542502985003,3.968868639272266,2.2
primary,Primary focus,primary_focus_issues,Primary focus: Issues,votechoice,Vote choice,2020 Downballot,Metaregression coefficient,-0.4748756358495961,0.4254545762457535,-1.314558089523736,0.36480681782454366,-0.5
primary,Primary focus,primary_focus_issues,Primary focus: Issues,votechoice,Vote choice,2020 Presidential,Metaregression coefficient,-0.08393095775268207,0.1537112938107054,-0.3864665154406409,0.2186045999352768,-0.1
primary,Primary focus,primary_focus_issues,Primary focus: Issues,votechoice,Vote choice,Combined,Metaregression coefficient,-0.06569423316429646,0.14261782403470322,-0.3509298812337029,0.21954141490510998,-0.1
primary,Primary focus,primary_focus_issues,Primary focus: Issues,votechoice,Vote choice,2020D-2018,Difference-in-coefficients,-2.7135812069782306,0.9700219811526468,-4.653625169283524,-0.7735372446729369,-2.7
primary,Primary focus,primary_focus_issues,Primary focus: Issues,votechoice,Vote choice,2020P-2018,Difference-in-coefficients,-2.3226365288813167,0.8851882338326768,-4.09301299654667,-0.5522600612159632,-2.3
primary,Primary focus,primary_focus_issues,Primary focus: Issues,votechoice,Vote choice,2020P-2020D,Difference-in-coefficients,0.390944678096914,0.45237015628068866,-0.5137956344644633,1.2956849906582915,0.4
primary,Persuasive techniques,technique_neg_name,Technique: Negative name-calling,favorability,Favorability,2018,Metaregression coefficient,0.7048562298769468,0.8353621072621992,-0.948826496151631,2.3585389559055248,0.7
primary,Persuasive techniques,technique_neg_name,Technique: Negative name-calling,favorability,Favorability,2020 Downballot,Metaregression coefficient,0.3857851060404665,0.4525924434873335,-0.5102410127595156,1.2818112248404483,0.4
primary,Persuasive techniques,technique_neg_name,Technique: Negative name-calling,favorability,Favorability,2020 Presidential,Metaregression coefficient,-0.00595270598281018,0.2542062392548275,-0.5079377795196371,0.4960323675540168,-0.0
primary,Persuasive techniques,technique_neg_name,Technique: Negative name-calling,favorability,Favorability,Combined,Metaregression coefficient,0.12856038500252645,0.2142267604360417,-0.2998931358695569,0.5570139058746099,0.1
primary,Persuasive techniques,technique_neg_name,Technique: Negative name-calling,favorability,Favorability,2020D-2018,Difference-in-coefficients,-0.31907112383648034,0.95008934850959,-2.2192498208556604,1.5811075731826998,-0.3
primary,Persuasive techniques,technique_neg_name,Technique: Negative name-calling,favorability,Favorability,2020P-2018,Difference-in-coefficients,-0.710808935859757,0.873184208701477,-2.457177353262711,1.035559481543197,-0.7
primary,Persuasive techniques,technique_neg_name,Technique: Negative name-calling,favorability,Favorability,2020P-2020D,Difference-in-coefficients,-0.3917378120232767,0.5190960720116439,-1.4299299560465644,0.6464543320000111,-0.4
primary,Persuasive techniques,technique_neg_name,Technique: Negative name-calling,votechoice,Vote choice,2018,Metaregression coefficient,0.8487763818577139,1.0510942323765926,-1.238787490891688,2.936340254607116,0.8
primary,Persuasive techniques,technique_neg_name,Technique: Negative name-calling,votechoice,Vote choice,2020 Downballot,Metaregression coefficient,-0.230128908418727,0.381458982300884,-0.9831353127565772,0.5228774959191232,-0.2
primary,Persuasive techniques,technique_neg_name,Technique: Negative name-calling,votechoice,Vote choice,2020 Presidential,Metaregression coefficient,0.12395199572148516,0.1946547408863297,-0.25919708363618543,0.5071010750791558,0.1
primary,Persuasive techniques,technique_neg_name,Technique: Negative name-calling,votechoice,Vote choice,Combined,Metaregression coefficient,0.0719377153179908,0.17107309554574623,-0.27020847577350166,0.4140839064094833,0.1
primary,Persuasive techniques,technique_neg_name,Technique: Negative name-calling,votechoice,Vote choice,2020D-2018,Difference-in-coefficients,-1.0789052902764409,1.1181726344860012,-3.3152505592484434,1.1574399786955616,-1.1
primary,Persuasive techniques,technique_neg_name,Technique: Negative name-calling,votechoice,Vote choice,2020P-2018,Difference-in-coefficients,-0.7248243861362287,1.0689665820243692,-2.862757550184967,1.4131087779125098,-0.7
primary,Persuasive techniques,technique_neg_name,Technique: Negative name-calling,votechoice,Vote choice,2020P-2020D,Difference-in-coefficients,0.35408090414021215,0.42825392389043015,-0.5024269436406481,1.2105887519210725,0.4
primary,Persuasive techniques,technique_neg_testimonial,Technique: Negative testimonial,favorability,Favorability,2018,Metaregression coefficient,1.1012578260261547,0.7009496712919971,-0.2863420580887204,2.48885771014103,1.1
primary,Persuasive techniques,technique_neg_testimonial,Technique: Negative testimonial,favorability,Favorability,2020 Downballot,Metaregression coefficient,0.5915755454655821,0.4244224167730342,-0.24868057525662213,1.4318316661877863,0.6
primary,Persuasive techniques,technique_neg_testimonial,Technique: Negative testimonial,favorability,Favorability,2020 Presidential,Metaregression coefficient,-0.04481374189053048,0.1812784556709879,-0.4027871699519158,0.3131596861708548,-0.0
primary,Persuasive techniques,technique_neg_testimonial,Technique: Negative testimonial,favorability,Favorability,Combined,Metaregression coefficient,0.10947069624495602,0.16218493843106613,-0.21489918061717622,0.4338405731070883,0.1
primary,Persuasive techniques,technique_neg_testimonial,Technique: Negative testimonial,favorability,Favorability,2020D-2018,Difference-in-coefficients,-0.5096822805605726,0.8194295757072856,-2.148541431975144,1.1291768708539984,-0.5
primary,Persuasive techniques,technique_neg_testimonial,Technique: Negative testimonial,favorability,Favorability,2020P-2018,Difference-in-coefficients,-1.1460715679166853,0.7240112707512344,-2.594094109419154,0.3019509735857835,-1.1
primary,Persuasive techniques,technique_neg_testimonial,Technique: Negative testimonial,favorability,Favorability,2020P-2020D,Difference-in-coefficients,-0.6363892873561126,0.46151518539471864,-1.5594196581455497,0.28664108343332473,-0.6
primary,Persuasive techniques,technique_neg_testimonial,Technique: Negative testimonial,votechoice,Vote choice,2018,Metaregression coefficient,1.0360790791264476,0.8338801074520794,-0.6200787922618654,2.6922369505147605,1.0
primary,Persuasive techniques,technique_neg_testimonial,Technique: Negative testimonial,votechoice,Vote choice,2020 Downballot,Metaregression coefficient,0.633808861881375,0.3477233451556298,-0.05260283108916763,1.3202205548519177,0.6
primary,Persuasive techniques,technique_neg_testimonial,Technique: Negative testimonial,votechoice,Vote choice,2020 Presidential,Metaregression coefficient,-0.04549087579585736,0.15838600648941206,-0.3572503135225453,0.2662685619308306,-0.0
primary,Persuasive techniques,technique_neg_testimonial,Technique: Negative testimonial,votechoice,Vote choice,Combined,Metaregression coefficient,0.0992213970767078,0.14203156740544576,-0.18484173773418372,0.3832845318875993,0.1
primary,Persuasive techniques,technique_neg_testimonial,Technique: Negative testimonial,votechoice,Vote choice,2020D-2018,Difference-in-coefficients,-0.4022702172450726,0.903475267160376,-2.2092207515658244,1.4046803170756794,-0.4
primary,Persuasive techniques,technique_neg_testimonial,Technique: Negative testimonial,votechoice,Vote choice,2020P-2018,Difference-in-coefficients,-1.081569954922305,0.8487886431002454,-2.7791472411227955,0.6160073312781857,-1.1
primary,Persuasive techniques,technique_neg_testimonial,Technique: Negative testimonial,votechoice,Vote choice,2020P-2020D,Difference-in-coefficients,-0.6792997376772323,0.3820963907417673,-1.4434925191607668,0.08489304380630236,-0.7
primary,Persuasive techniques,technique_neg_transfer,Technique: Negative transfer of association,favorability,Favorability,2018,Metaregression coefficient,0.0935282643511947,0.7026508684804811,-1.2974393095112848,1.4844958382136744,0.1
primary,Persuasive techniques,technique_neg_transfer,Technique: Negative transfer of association,favorability,Favorability,2020 Downballot,Metaregression coefficient,0.3663385090929447,0.41788231855043234,-0.4609697621649265,1.193646780350816,0.4
primary,Persuasive techniques,technique_neg_transfer,Technique: Negative transfer of association,favorability,Favorability,2020 Presidential,Metaregression coefficient,-0.03574037141685674,0.2204825347350663,-0.47113071327868183,0.3996499704449683,-0.0
primary,Persuasive techniques,technique_neg_transfer,Technique: Negative transfer of association,favorability,Favorability,Combined,Metaregression coefficient,0.05479960645032725,0.1879022070837793,-0.3210048077172314,0.43060402061788583,0.1
primary,Persuasive techniques,technique_neg_transfer,Technique: Negative transfer of association,favorability,Favorability,2020D-2018,Difference-in-coefficients,0.27281024474175,0.8175230119901576,-1.3622357792385653,1.9078562687220653,0.3
primary,Persuasive techniques,technique_neg_transfer,Technique: Negative transfer of association,favorability,Favorability,2020P-2018,Difference-in-coefficients,-0.12926863576805145,0.7364311176882561,-1.6021308711445637,1.3435935996084607,-0.1
primary,Persuasive techniques,technique_neg_transfer,Technique: Negative transfer of association,favorability,Favorability,2020P-2020D,Difference-in-coefficients,-0.40207888050980145,0.4724808782165525,-1.3470406369429064,0.5428828759233035,-0.4
primary,Persuasive techniques,technique_neg_transfer,Technique: Negative transfer of association,votechoice,Vote choice,2018,Metaregression coefficient,-0.1704410479944605,0.833931714506303,-1.8267014154470251,1.4858193194581042,-0.2
primary,Persuasive techniques,technique_neg_transfer,Technique: Negative transfer of association,votechoice,Vote choice,2020 Downballot,Metaregression coefficient,0.04181038457023146,0.3871586469988725,-0.7224472531093424,0.8060680222498053,0.0
primary,Persuasive techniques,technique_neg_transfer,Technique: Negative transfer of association,votechoice,Vote choice,2020 Presidential,Metaregression coefficient,0.09000317731150304,0.17978717772212213,-0.26388130200241805,0.4438876566254241,0.1
primary,Persuasive techniques,technique_neg_transfer,Technique: Negative transfer of association,votechoice,Vote choice,Combined,Metaregression coefficient,0.07217789618150462,0.16003231915529645,-0.2478867421290883,0.3922425344920975,0.1
primary,Persuasive techniques,technique_neg_transfer,Technique: Negative transfer of association,votechoice,Vote choice,2020D-2018,Difference-in-coefficients,0.212251432564692,0.919420427446236,-1.62658942232778,2.051092287457164,0.2
primary,Persuasive techniques,technique_neg_transfer,Technique: Negative transfer of association,votechoice,Vote choice,2020P-2018,Difference-in-coefficients,0.26044422530596356,0.853091749891363,-1.4457392744767625,1.9666277250886897,0.3
primary,Persuasive techniques,technique_neg_transfer,Technique: Negative transfer of association,votechoice,Vote choice,2020P-2020D,Difference-in-coefficients,0.04819279274127157,0.42686677924064725,-0.805540765740023,0.901926351222566,0.0
primary,Persuasive techniques,technique_plain_folks,Technique: Plain folks,favorability,Favorability,2018,Metaregression coefficient,-0.1895281459930988,0.7324231284012036,-1.6394328819769128,1.2603765899907151,-0.2
primary,Persuasive techniques,technique_plain_folks,Technique: Plain folks,favorability,Favorability,2020 Downballot,Metaregression coefficient,0.16491072229272127,0.5671420162867195,-0.957896489745956,1.2877179343313985,0.2
primary,Persuasive techniques,technique_plain_folks,Technique: Plain folks,favorability,Favorability,2020 Presidential,Metaregression coefficient,0.2402407611201484,0.21927658303627456,-0.19276816888501103,0.6732496911253079,0.2
primary,Persuasive techniques,technique_plain_folks,Technique: Plain folks,favorability,Favorability,Combined,Metaregression coefficient,0.20006571582948848,0.19698628881243993,-0.19390686179539138,0.5940382934543683,0.2
primary,Persuasive techniques,technique_plain_folks,Technique: Plain folks,favorability,Favorability,2020D-2018,Difference-in-coefficients,0.35443886828582005,0.9263334743248628,-1.4982280803639054,2.2071058169355458,0.4
primary,Persuasive techniques,technique_plain_folks,Technique: Plain folks,favorability,Favorability,2020P-2018,Difference-in-coefficients,0.4297689071132472,0.7645429084656205,-1.0993169098179938,1.958854724044488,0.4
primary,Persuasive techniques,technique_plain_folks,Technique: Plain folks,favorability,Favorability,2020P-2020D,Difference-in-coefficients,0.07533003882742711,0.6080561540728207,-1.1407822693182141,1.2914423469730685,0.1
primary,Persuasive techniques,technique_plain_folks,Technique: Plain folks,votechoice,Vote choice,2018,Metaregression coefficient,1.1822383060413673,0.8342401863557806,-0.4746347131306092,2.839111325213344,1.2
primary,Persuasive techniques,technique_plain_folks,Technique: Plain folks,votechoice,Vote choice,2020 Downballot,Metaregression coefficient,0.8592800288475717,0.42395120265011654,0.02239327159599991,1.6961667860991434,0.9
primary,Persuasive techniques,technique_plain_folks,Technique: Plain folks,votechoice,Vote choice,2020 Presidential,Metaregression coefficient,0.2662464862517184,0.18843108584161575,-0.1046522482658317,0.6371452207692685,0.3
primary,Persuasive techniques,technique_plain_folks,Technique: Plain folks,votechoice,Vote choice,Combined,Metaregression coefficient,0.39750487591509354,0.168634625534094,0.06023562484690553,0.7347741269832815,0.4
primary,Persuasive techniques,technique_plain_folks,Technique: Plain folks,votechoice,Vote choice,2020D-2018,Difference-in-coefficients,-0.32295827719379555,0.935783794879676,-2.1945258669531476,1.5486093125655565,-0.3
primary,Persuasive techniques,technique_plain_folks,Technique: Plain folks,votechoice,Vote choice,2020P-2018,Difference-in-coefficients,-0.9159918197896488,0.855256080155165,-2.6265039800999785,0.7945203405206811,-0.9
primary,Persuasive techniques,technique_plain_folks,Technique: Plain folks,votechoice,Vote choice,2020P-2020D,Difference-in-coefficients,-0.5930335425958533,0.46394061725605634,-1.5209147771079659,0.3348476919162594,-0.6
primary,Persuasive techniques,technique_pos_name,Technique: Positive name-calling,favorability,Favorability,2018,Metaregression coefficient,0.5580232559040399,1.8436664899231048,-3.0916987035175945,4.207745215325675,0.6
primary,Persuasive techniques,technique_pos_name,Technique: Positive name-calling,favorability,Favorability,2020 Downballot,Metaregression coefficient,-0.7048763549086083,0.7441664203153293,-2.1781500671222367,0.76839735730502,-0.7
primary,Persuasive techniques,technique_pos_name,Technique: Positive name-calling,favorability,Favorability,2020 Presidential,Metaregression coefficient,-0.24332245363240257,0.2679321989090205,-0.7724123963753174,0.2857674891105123,-0.2
primary,Persuasive techniques,technique_pos_name,Technique: Positive name-calling,favorability,Favorability,Combined,Metaregression coefficient,-0.28060917715653855,0.2497665432816847,-0.780142263719908,0.21892390940683087,-0.3
primary,Persuasive techniques,technique_pos_name,Technique: Positive name-calling,favorability,Favorability,2020D-2018,Difference-in-coefficients,-1.2628996108126482,1.9881875633828696,-5.239274737578388,2.7134755159530908,-1.3
primary,Persuasive techniques,technique_pos_name,Technique: Positive name-calling,favorability,Favorability,2020P-2018,Difference-in-coefficients,-0.8013457095364425,1.8630334911851705,-4.527412691906783,2.9247212728338985,-0.8
primary,Persuasive techniques,technique_pos_name,Technique: Positive name-calling,favorability,Favorability,2020P-2020D,Difference-in-coefficients,0.46155390127620577,0.7909306697411312,-1.1203074382060567,2.0434152407584683,0.5
primary,Persuasive techniques,technique_pos_name,Technique: Positive name-calling,votechoice,Vote choice,2018,Metaregression coefficient,-2.0255774111580114,2.7785405923728335,-7.543998862762983,3.4928440404469607,-2.0
primary,Persuasive techniques,technique_pos_name,Technique: Positive name-calling,votechoice,Vote choice,2020 Downballot,Metaregression coefficient,-0.3979599170014495,0.6330063662512407,-1.6475250600181657,0.8516052260152666,-0.4
primary,Persuasive techniques,technique_pos_name,Technique: Positive name-calling,votechoice,Vote choice,2020 Presidential,Metaregression coefficient,0.06641084336756563,0.23321674972860465,-0.39264184932530743,0.5254635360604387,0.1
primary,Persuasive techniques,technique_pos_name,Technique: Positive name-calling,votechoice,Vote choice,Combined,Metaregression coefficient,-0.00164338177633867,0.21816130663914127,-0.4379659950546212,0.4346792315019439,-0.0
primary,Persuasive techniques,technique_pos_name,Technique: Positive name-calling,votechoice,Vote choice,2020D-2018,Difference-in-coefficients,1.6276174941565618,2.8497341776344993,-4.071850861112437,7.32708584942556,1.6
primary,Persuasive techniques,technique_pos_name,Technique: Positive name-calling,votechoice,Vote choice,2020P-2018,Difference-in-coefficients,2.091988254525577,2.7883109360000637,-3.4846336174745507,7.668610126525705,2.1
primary,Persuasive techniques,technique_pos_name,Technique: Positive name-calling,votechoice,Vote choice,2020P-2020D,Difference-in-coefficients,0.46437076036901515,0.6746014468325535,-0.8848321332960919,1.8135736540341223,0.5
primary,Persuasive techniques,technique_pos_testimonial,Technique: Positive testimonial,favorability,Favorability,2018,Metaregression coefficient,0.7227953594599322,0.9585584189048212,-1.17476677012638,2.620357489046244,0.7
primary,Persuasive techniques,technique_pos_testimonial,Technique: Positive testimonial,favorability,Favorability,2020 Downballot,Metaregression coefficient,-0.4340375466295544,0.6089187548154419,-1.639552831723058,0.7714777384639492,-0.4
primary,Persuasive techniques,technique_pos_testimonial,Technique: Positive testimonial,favorability,Favorability,2020 Presidential,Metaregression coefficient,0.19021488139529663,0.17204097151140427,-0.14951714087393791,0.5299469036645312,0.2
primary,Persuasive techniques,technique_pos_testimonial,Technique: Positive testimonial,favorability,Favorability,Combined,Metaregression coefficient,0.16083117553447285,0.16314430495735863,-0.1654574343802444,0.4871197854491901,0.2
primary,Persuasive techniques,technique_pos_testimonial,Technique: Positive testimonial,favorability,Favorability,2020D-2018,Difference-in-coefficients,-1.1568329060894866,1.1356127387535324,-3.4280583835965515,1.1143925714175782,-1.2
primary,Persuasive techniques,technique_pos_testimonial,Technique: Positive testimonial,favorability,Favorability,2020P-2018,Difference-in-coefficients,-0.5325804780646356,0.973874908975428,-2.4803302960154916,1.4151693398862206,-0.5
primary,Persuasive techniques,technique_pos_testimonial,Technique: Positive testimonial,favorability,Favorability,2020P-2020D,Difference-in-coefficients,0.624252428024851,0.6327559923418948,-0.6412595566589386,1.8897644127086406,0.6
primary,Persuasive techniques,technique_pos_testimonial,Technique: Positive testimonial,votechoice,Vote choice,2018,Metaregression coefficient,-1.787002109338592,1.3373620612695751,-4.443118600035654,0.8691143813584701,-1.8
primary,Persuasive techniques,technique_pos_testimonial,Technique: Positive testimonial,votechoice,Vote choice,2020 Downballot,Metaregression coefficient,-0.28002363904053595,0.43518379681561215,-1.1390837248448342,0.5790364467637623,-0.3
primary,Persuasive techniques,technique_pos_testimonial,Technique: Positive testimonial,votechoice,Vote choice,2020 Presidential,Metaregression coefficient,0.16038812637888955,0.15413246821498094,-0.1429988501046756,0.4637751028624547,0.2
primary,Persuasive techniques,technique_pos_testimonial,Technique: Positive testimonial,votechoice,Vote choice,Combined,Metaregression coefficient,0.08915673711058952,0.14443909125116491,-0.1997214453917403,0.37803491961291935,0.1
primary,Persuasive techniques,technique_pos_testimonial,Technique: Positive testimonial,votechoice,Vote choice,2020D-2018,Difference-in-coefficients,1.506978470298056,1.4063862271559897,-1.3057939840139234,4.319750924610036,1.5
primary,Persuasive techniques,technique_pos_testimonial,Technique: Positive testimonial,votechoice,Vote choice,2020P-2018,Difference-in-coefficients,1.9473902357174817,1.346214730524536,-0.7450392253315903,4.639819696766554,1.9
primary,Persuasive techniques,technique_pos_testimonial,Technique: Positive testimonial,votechoice,Vote choice,2020P-2020D,Difference-in-coefficients,0.4404117654194255,0.46167277889095226,-0.482933792362479,1.36375732320133,0.4
primary,Persuasive techniques,technique_pos_transfer,Technique: Positive transfer of association,favorability,Favorability,2018,Metaregression coefficient,-0.23858559875345228,0.7716997081410685,-1.7662422472176729,1.2890710497107685,-0.2
primary,Persuasive techniques,technique_pos_transfer,Technique: Positive transfer of association,favorability,Favorability,2020 Downballot,Metaregression coefficient,-0.4753591403602322,0.6365834030244326,-1.7356438934803546,0.7849256127598903,-0.5
primary,Persuasive techniques,technique_pos_transfer,Technique: Positive transfer of association,favorability,Favorability,2020 Presidential,Metaregression coefficient,0.027515939088907,0.201032376560964,-0.36946586838780376,0.4244977465656178,0.0
primary,Persuasive techniques,technique_pos_transfer,Technique: Positive transfer of association,favorability,Favorability,Combined,Metaregression coefficient,-0.03090322116688251,0.18604602187632524,-0.40299526491953297,0.341188822585768,-0.0
primary,Persuasive techniques,technique_pos_transfer,Technique: Positive transfer of association,favorability,Favorability,2020D-2018,Difference-in-coefficients,-0.2367735416067799,1.0003793623177046,-2.237532266242189,1.7639851830286293,-0.2
primary,Persuasive techniques,technique_pos_transfer,Technique: Positive transfer of association,favorability,Favorability,2020P-2018,Difference-in-coefficients,0.2661015378423593,0.7974549867991042,-1.3288084357558492,1.8610115114405676,0.3
primary,Persuasive techniques,technique_pos_transfer,Technique: Positive transfer of association,favorability,Favorability,2020P-2020D,Difference-in-coefficients,0.5028750794491392,0.6675720526144847,-0.8322690257798302,1.8380191846781087,0.5
primary,Persuasive techniques,technique_pos_transfer,Technique: Positive transfer of association,votechoice,Vote choice,2018,Metaregression coefficient,0.8747494283867415,1.0524928267693765,-1.2155921735491324,2.9650910303226157,0.9
primary,Persuasive techniques,technique_pos_transfer,Technique: Positive transfer of association,votechoice,Vote choice,2020 Downballot,Metaregression coefficient,0.9963934753771918,0.4569188453847944,0.09442804055615717,1.8983589101982263,1.0
primary,Persuasive techniques,technique_pos_transfer,Technique: Positive transfer of association,votechoice,Vote choice,2020 Presidential,Metaregression coefficient,0.04738301353520345,0.17339109678633727,-0.2939117260637512,0.38867775313415814,0.0
primary,Persuasive techniques,technique_pos_transfer,Technique: Positive transfer of association,votechoice,Vote choice,Combined,Metaregression coefficient,0.18324717956873493,0.16022177064309873,-0.13719636171746252,0.5036907208549324,0.2
primary,Persuasive techniques,technique_pos_transfer,Technique: Positive transfer of association,votechoice,Vote choice,2020D-2018,Difference-in-coefficients,0.12164404699045028,1.1473953031404502,-2.1731465592904504,2.4164346532713505,0.1
primary,Persuasive techniques,technique_pos_transfer,Technique: Positive transfer of association,votechoice,Vote choice,2020P-2018,Difference-in-coefficients,-0.8273664148515381,1.0666797189624264,-2.960725852776391,1.3059930230733148,-0.8
primary,Persuasive techniques,technique_pos_transfer,Technique: Positive transfer of association,votechoice,Vote choice,2020P-2020D,Difference-in-coefficients,-0.9490104618419885,0.48871188210697586,-1.9264342260559402,0.028413302371963267,-0.9
secondary,Cited fact (where fact present),fact_cite_only,Cited fact (where fact present),favorability,Favorability,2018,Metaregression coefficient,-1.0863423170404234,0.5238917188625304,-2.1236114601872393,-0.04907317389360743,-1.1
secondary,Cited fact (where fact present),fact_cite_only,Cited fact (where fact present),favorability,Favorability,2020 Downballot,Metaregression coefficient,0.4695834690533044,0.3508386640518318,-0.22499420452230737,1.1641611426289162,0.5
secondary,Cited fact (where fact present),fact_cite_only,Cited fact (where fact present),favorability,Favorability,2020 Presidential,Metaregression coefficient,-0.07787582335960917,0.1431593074862453,-0.3607298290254533,0.20497818230623496,-0.1
secondary,Cited fact (where fact present),fact_cite_only,Cited fact (where fact present),favorability,Favorability,Combined,Metaregression coefficient,-0.06510554284227389,0.12849995653962856,-0.322105455921531,0.19189437023698325,-0.1
secondary,Cited fact (where fact present),fact_cite_only,Cited fact (where fact present),favorability,Favorability,2020D-2018,Difference-in-coefficients,1.5559257860937277,0.6305159008989469,0.2948939842958338,2.8169575878916215,1.6
secondary,Cited fact (where fact present),fact_cite_only,Cited fact (where fact present),favorability,Favorability,2020P-2018,Difference-in-coefficients,1.0084664936808143,0.5430995492657658,-0.0777326048507172,2.094665592212346,1.0
secondary,Cited fact (where fact present),fact_cite_only,Cited fact (where fact present),favorability,Favorability,2020P-2020D,Difference-in-coefficients,-0.5474592924129136,0.3789226247053815,-1.3053045418236766,0.21038595699784945,-0.5
secondary,Cited fact (where fact present),fact_cite_only,Cited fact (where fact present),votechoice,Vote choice,2018,Metaregression coefficient,-0.534121864246429,0.6548922122807127,-1.835378740520751,0.7671350120278929,-0.5
secondary,Cited fact (where fact present),fact_cite_only,Cited fact (where fact present),votechoice,Vote choice,2020 Downballot,Metaregression coefficient,0.07543605816865007,0.30632849014115543,-0.5293928905633507,0.6802650069006508,0.1
secondary,Cited fact (where fact present),fact_cite_only,Cited fact (where fact present),votechoice,Vote choice,2020 Presidential,Metaregression coefficient,-0.17555391116957325,0.13742826532356844,-0.4461828042870946,0.09507498194794815,-0.2
secondary,Cited fact (where fact present),fact_cite_only,Cited fact (where fact present),votechoice,Vote choice,Combined,Metaregression coefficient,-0.14766799687996032,0.12315103893687006,-0.39397007475370044,0.0986340809937798,-0.1
secondary,Cited fact (where fact present),fact_cite_only,Cited fact (where fact present),votechoice,Vote choice,2020D-2018,Difference-in-coefficients,0.6095579224150791,0.7229944353714529,-0.8364309483278267,2.055546793157985,0.6
secondary,Cited fact (where fact present),fact_cite_only,Cited fact (where fact present),votechoice,Vote choice,2020P-2018,Difference-in-coefficients,0.3585679530768558,0.669156437476149,-0.9797449218754422,1.6968808280291536,0.4
secondary,Cited fact (where fact present),fact_cite_only,Cited fact (where fact present),votechoice,Vote choice,2020P-2020D,Difference-in-coefficients,-0.2509899693382233,0.33574346156255236,-0.922476892463328,0.4204969537868814,-0.3
secondary,Emotion: anger,emotion_anger,Emotion: Anger,favorability,Favorability,2018,Metaregression coefficient,0.8031609040182509,0.8375945231263665,-0.854162962875702,2.460484770912204,0.8
secondary,Emotion: anger,emotion_anger,Emotion: Anger,favorability,Favorability,2020 Downballot,Metaregression coefficient,0.978225686048368,0.4528580782921493,0.08210127427587477,1.874350097820861,1.0
secondary,Emotion: anger,emotion_anger,Emotion: Anger,favorability,Favorability,2020 Presidential,Metaregression coefficient,-0.12724729790000794,0.1989818737337923,-0.5200743663312111,0.2655797705311952,-0.1
secondary,Emotion: anger,emotion_anger,Emotion: Anger,favorability,Favorability,Combined,Metaregression coefficient,0.08558698774866148,0.17801032756776547,-0.27043366738686947,0.4416076428841924,0.1
secondary,Emotion: anger,emotion_anger,Emotion: Anger,favorability,Favorability,2020D-2018,Difference-in-coefficients,0.175064782030117,0.9521790925271064,-1.7292934030240958,2.07942296708433,0.2
secondary,Emotion: anger,emotion_anger,Emotion: Anger,favorability,Favorability,2020P-2018,Difference-in-coefficients,-0.9304082019182588,0.8609055530346498,-2.6522193079875582,0.7914029041510408,-0.9
secondary,Emotion: anger,emotion_anger,Emotion: Anger,favorability,Favorability,2020P-2020D,Difference-in-coefficients,-1.105472983948376,0.4946455550685453,-2.0947640940854666,-0.11618187381128531,-1.1
secondary,Emotion: anger,emotion_anger,Emotion: Anger,votechoice,Vote choice,2018,Metaregression coefficient,2.9652801300480345,0.980989915318846,1.018537569896753,4.912022690199316,3.0
secondary,Emotion: anger,emotion_anger,Emotion: Anger,votechoice,Vote choice,2020 Downballot,Metaregression coefficient,0.3946055562114552,0.36590388442376254,-0.32751834229407917,1.1167294547169897,0.4
secondary,Emotion: anger,emotion_anger,Emotion: Anger,votechoice,Vote choice,2020 Presidential,Metaregression coefficient,0.15926906147824435,0.1712774334349049,-0.17783539716083704,0.4963735201173257,0.2
secondary,Emotion: anger,emotion_anger,Emotion: Anger,votechoice,Vote choice,Combined,Metaregression coefficient,0.2689872072237739,0.1532199564373878,-0.03745270565100173,0.5754271200985495,0.3
secondary,Emotion: anger,emotion_anger,Emotion: Anger,votechoice,Vote choice,2020D-2018,Difference-in-coefficients,-2.5706745738365795,1.0470085322449263,-4.664691638326432,-0.4766575093467269,-2.6
secondary,Emotion: anger,emotion_anger,Emotion: Anger,votechoice,Vote choice,2020P-2018,Difference-in-coefficients,-2.80601106856979,0.995829891678958,-4.797670851927706,-0.8143512852118742,-2.8
secondary,Emotion: anger,emotion_anger,Emotion: Anger,votechoice,Vote choice,2020P-2020D,Difference-in-coefficients,-0.2353364947332109,0.4040069452873879,-1.0433503853079866,0.572677395841565,-0.2
secondary,Emotion: enthusiasm,emotion_enthusiasm,Emotion: Enthusiasm,favorability,Favorability,2018,Metaregression coefficient,0.8974289639040653,0.7411588628147036,-0.5690804730463379,2.363938400854469,0.9
secondary,Emotion: enthusiasm,emotion_enthusiasm,Emotion: Enthusiasm,favorability,Favorability,2020 Downballot,Metaregression coefficient,-0.6674377674471502,0.39841649586317773,-1.4558321124090596,0.1209565775147592,-0.7
secondary,Emotion: enthusiasm,emotion_enthusiasm,Emotion: Enthusiasm,favorability,Favorability,2020 Presidential,Metaregression coefficient,-0.05530635411609564,0.14514450395426295,-0.3418484843984449,0.23123577616625365,-0.1
secondary,Emotion: enthusiasm,emotion_enthusiasm,Emotion: Enthusiasm,favorability,Favorability,Combined,Metaregression coefficient,-0.09347811671229148,0.13412492959530908,-0.3617279759029096,0.1747717424783267,-0.1
secondary,Emotion: enthusiasm,emotion_enthusiasm,Emotion: Enthusiasm,favorability,Favorability,2020D-2018,Difference-in-coefficients,-1.5648667313512157,0.841458355537978,-3.2477834424271714,0.1180499797247403,-1.6
secondary,Emotion: enthusiasm,emotion_enthusiasm,Emotion: Enthusiasm,favorability,Favorability,2020P-2018,Difference-in-coefficients,-0.952735318020161,0.7552373050617359,-2.463209928143633,0.5577392921033109,-1.0
secondary,Emotion: enthusiasm,emotion_enthusiasm,Emotion: Enthusiasm,favorability,Favorability,2020P-2020D,Difference-in-coefficients,0.6121314133310546,0.4240314035587725,-0.23593139378649042,1.4601942204485996,0.6
secondary,Emotion: enthusiasm,emotion_enthusiasm,Emotion: Enthusiasm,votechoice,Vote choice,2018,Metaregression coefficient,-0.31800086124012317,1.1710255727422427,-2.6418629987442586,2.005861276264012,-0.3
secondary,Emotion: enthusiasm,emotion_enthusiasm,Emotion: Enthusiasm,votechoice,Vote choice,2020 Downballot,Metaregression coefficient,0.02928548140749403,0.3250956443232755,-0.6123019519579621,0.6708729147729501,0.0
secondary,Emotion: enthusiasm,emotion_enthusiasm,Emotion: Enthusiasm,votechoice,Vote choice,2020 Presidential,Metaregression coefficient,0.09911893129242157,0.13322375716748203,-0.16308912284027266,0.36132698542511577,0.1
secondary,Emotion: enthusiasm,emotion_enthusiasm,Emotion: Enthusiasm,votechoice,Vote choice,Combined,Metaregression coefficient,0.08461598848961957,0.12259681771773737,-0.16057764694585516,0.3298096239250943,0.1
secondary,Emotion: enthusiasm,emotion_enthusiasm,Emotion: Enthusiasm,votechoice,Vote choice,2020D-2018,Difference-in-coefficients,0.3472863426476172,1.2153139799962245,-2.0833416173448316,2.7779143026400663,0.3
secondary,Emotion: enthusiasm,emotion_enthusiasm,Emotion: Enthusiasm,votechoice,Vote choice,2020P-2018,Difference-in-coefficients,0.4171197925325447,1.1785794251937871,-1.9400390578550295,2.7742786429201187,0.4
secondary,Emotion: enthusiasm,emotion_enthusiasm,Emotion: Enthusiasm,votechoice,Vote choice,2020P-2020D,Difference-in-coefficients,0.06983344988492753,0.3513342389118741,-0.6328350279388206,0.7725019277086758,0.1
secondary,Explicit vote for,explicit_vote_for,Explicit vote for,favorability,Favorability,2018,Metaregression coefficient,1.1218535249505612,0.5586021032656094,0.01656382656080302,2.227143223340319,1.1
secondary,Explicit vote for,explicit_vote_for,Explicit vote for,favorability,Favorability,2020 Downballot,Metaregression coefficient,-1.1220178790948192,0.40753364994260527,-1.9284534266499955,-0.3155823315396429,-1.1
secondary,Explicit vote for,explicit_vote_for,Explicit vote for,favorability,Favorability,2020 Presidential,Metaregression coefficient,0.3111059145935059,0.1954627900412093,-0.0747738309254059,0.6969856601124177,0.3
secondary,Explicit vote for,explicit_vote_for,Explicit vote for,favorability,Favorability,Combined,Metaregression coefficient,0.14074737626086242,0.1680733514503233,-0.19539932663978415,0.476894079161509,0.1
secondary,Explicit vote for,explicit_vote_for,Explicit vote for,favorability,Favorability,2020D-2018,Difference-in-coefficients,-2.2438714040453807,0.6914622083731724,-3.6267958207917257,-0.8609469872990358,-2.2
secondary,Explicit vote for,explicit_vote_for,Explicit vote for,favorability,Favorability,2020P-2018,Difference-in-coefficients,-0.8107476103570553,0.5918124804897718,-1.9943725713365987,0.37287735062248817,-0.8
secondary,Explicit vote for,explicit_vote_for,Explicit vote for,favorability,Favorability,2020P-2020D,Difference-in-coefficients,1.433123793688325,0.4519838250714685,0.529156143545388,2.337091443831262,1.4
secondary,Explicit vote for,explicit_vote_for,Explicit vote for,votechoice,Vote choice,2018,Metaregression coefficient,1.9401929223717664,0.6853872288102162,0.5800642730621344,3.3003215716813985,1.9
secondary,Explicit vote for,explicit_vote_for,Explicit vote for,votechoice,Vote choice,2020 Downballot,Metaregression coefficient,0.17509526788524735,0.37370502878483897,-0.5624244572803307,0.9126149930508256,0.2
secondary,Explicit vote for,explicit_vote_for,Explicit vote for,votechoice,Vote choice,2020 Presidential,Metaregression coefficient,0.2887016366011849,0.1589212521050658,-0.02408365906056947,0.6014869322629393,0.3
secondary,Explicit vote for,explicit_vote_for,Explicit vote for,votechoice,Vote choice,Combined,Metaregression coefficient,0.34397884341093804,0.14302675405340134,0.05792533530413535,0.6300323515177407,0.3
secondary,Explicit vote for,explicit_vote_for,Explicit vote for,votechoice,Vote choice,2020D-2018,Difference-in-coefficients,-1.7650976544865191,0.7806478732150783,-3.326393400916676,-0.20380190805636245,-1.8
secondary,Explicit vote for,explicit_vote_for,Explicit vote for,votechoice,Vote choice,2020P-2018,Difference-in-coefficients,-1.6514912857705817,0.7035706203266233,-3.0586325264238283,-0.24435004511733505,-1.7
secondary,Explicit vote for,explicit_vote_for,Explicit vote for,votechoice,Vote choice,2020P-2020D,Difference-in-coefficients,0.11360636871593754,0.4060928624215393,-0.6985793561271411,0.9257920935590161,0.1
secondary,Messenger: female,messenger_female,Messenger: Female,favorability,Favorability,2018,Metaregression coefficient,0.1332272378161714,0.4458482842778795,-0.7489597657346753,1.0154142413670182,0.1
secondary,Messenger: female,messenger_female,Messenger: Female,favorability,Favorability,2020 Downballot,Metaregression coefficient,0.23181730402868336,0.33031890784516904,-0.4218242034970443,0.8854588115544111,0.2
secondary,Messenger: female,messenger_female,Messenger: Female,favorability,Favorability,2020 Presidential,Metaregression coefficient,0.338955569829219,0.12730565546919295,0.08763063005314442,0.5902805096052935,0.3
secondary,Messenger: female,messenger_female,Messenger: Female,favorability,Favorability,Combined,Metaregression coefficient,0.31238223273209714,0.11478458246819044,0.08281306779571626,0.541951397668478,0.3
secondary,Messenger: female,messenger_female,Messenger: Female,favorability,Favorability,2020D-2018,Difference-in-coefficients,0.09859006621251191,0.554879512573274,-1.011168958934036,1.2083490913590598,0.1
secondary,Messenger: female,messenger_female,Messenger: Female,favorability,Favorability,2020P-2018,Difference-in-coefficients,0.2057283320130476,0.4636673619179699,-0.7216063918228922,1.1330630558489874,0.2
secondary,Messenger: female,messenger_female,Messenger: Female,favorability,Favorability,2020P-2020D,Difference-in-coefficients,0.10713826580053563,0.3540018513997718,-0.600865436999008,0.8151419686000793,0.1
secondary,Messenger: female,messenger_female,Messenger: Female,votechoice,Vote choice,2018,Metaregression coefficient,1.0518943482010412,0.5873691527827573,-0.11372061927856048,2.217509315680643,1.1
secondary,Messenger: female,messenger_female,Messenger: Female,votechoice,Vote choice,2020 Downballot,Metaregression coefficient,-0.33236118673959536,0.2742005059477236,-0.8735053143538394,0.20878294087464863,-0.3
secondary,Messenger: female,messenger_female,Messenger: Female,votechoice,Vote choice,2020 Presidential,Metaregression coefficient,0.24809913800521508,0.10915535534425598,0.03326198034272112,0.462936295667709,0.2
secondary,Messenger: female,messenger_female,Messenger: Female,votechoice,Vote choice,Combined,Metaregression coefficient,0.1942626787094886,0.09993632175387014,-0.005609964798251682,0.3941353222172289,0.2
secondary,Messenger: female,messenger_female,Messenger: Female,votechoice,Vote choice,2020D-2018,Difference-in-coefficients,-1.3842555349406367,0.6482194374613597,-2.680694409863356,-0.08781666001791733,-1.4
secondary,Messenger: female,messenger_female,Messenger: Female,votechoice,Vote choice,2020P-2018,Difference-in-coefficients,-0.8037952101958261,0.5974256549906982,-1.9986465201772226,0.3910560997855703,-0.8
secondary,Messenger: female,messenger_female,Messenger: Female,votechoice,Vote choice,2020P-2020D,Difference-in-coefficients,0.5804603247448105,0.2951284619658335,-0.009796599186856492,1.1707172486764774,0.6
secondary,Messenger: politician,messenger_politician,Messenger: Politician,favorability,Favorability,2018,Metaregression coefficient,2.125843929602001,0.8237532540978404,0.4959073782595555,3.755780480944446,2.1
secondary,Messenger: politician,messenger_politician,Messenger: Politician,favorability,Favorability,2020 Downballot,Metaregression coefficient,0.6908030696771684,0.5701377868824017,-0.4373967204779726,1.8190028598323096,0.7
secondary,Messenger: politician,messenger_politician,Messenger: Politician,favorability,Favorability,2020 Presidential,Metaregression coefficient,-0.3007023178925104,0.18363439495070413,-0.6632306209887545,0.06182598520373372,-0.3
secondary,Messenger: politician,messenger_politician,Messenger: Politician,favorability,Favorability,Combined,Metaregression coefficient,-0.10697950609295008,0.17098473719779073,-0.44894898048853155,0.23498996830263136,-0.1
secondary,Messenger: politician,messenger_politician,Messenger: Politician,favorability,Favorability,2020D-2018,Difference-in-coefficients,-1.4350408599248323,1.0018116188525386,-3.4386640976299097,0.5685823777802448,-1.4
secondary,Messenger: politician,messenger_politician,Messenger: Politician,favorability,Favorability,2020P-2018,Difference-in-coefficients,-2.426546247494511,0.8439733494878214,-4.114492946470154,-0.7385995485188683,-2.4
secondary,Messenger: politician,messenger_politician,Messenger: Politician,favorability,Favorability,2020P-2020D,Difference-in-coefficients,-0.9915053875696788,0.5989813745351972,-2.1894681366400732,0.20645736150071559,-1.0
secondary,Messenger: politician,messenger_politician,Messenger: Politician,votechoice,Vote choice,2018,Metaregression coefficient,-0.25421229510549026,1.3866342201371902,-3.0059427762754938,2.4975181860645135,-0.3
secondary,Messenger: politician,messenger_politician,Messenger: Politician,votechoice,Vote choice,2020 Downballot,Metaregression coefficient,0.6679196650998709,0.49180803075557455,-0.3026803957462755,1.6385197259460171,0.7
secondary,Messenger: politician,messenger_politician,Messenger: Politician,votechoice,Vote choice,2020 Presidential,Metaregression coefficient,-0.06378998202668197,0.16153758640838334,-0.3817246890338248,0.25414472498046087,-0.1
secondary,Messenger: politician,messenger_politician,Messenger: Politician,votechoice,Vote choice,Combined,Metaregression coefficient,0.00429591462747721,0.1525396153246832,-0.3007833160218892,0.30937514527684357,0.0
secondary,Messenger: politician,messenger_politician,Messenger: Politician,votechoice,Vote choice,2020D-2018,Difference-in-coefficients,0.9221319602053611,1.47126802438276,-2.020404088560159,3.8646680089708814,0.9
secondary,Messenger: politician,messenger_politician,Messenger: Politician,votechoice,Vote choice,2020P-2018,Difference-in-coefficients,0.1904223130788083,1.3960117665256693,-2.6016012199725305,2.9824458461301466,0.2
secondary,Messenger: politician,messenger_politician,Messenger: Politician,votechoice,Vote choice,2020P-2020D,Difference-in-coefficients,-0.7317096471265528,0.5176577353216333,-1.7670251177698195,0.3036058235167137,-0.7
secondary,Primary tone,tone_contrast,Primary tone: Contrast,favorability,Favorability,2018,Metaregression coefficient,0.38101563140156985,0.7326593317069906,-1.068784966462551,1.8308162292656909,0.4
secondary,Primary tone,tone_contrast,Primary tone: Contrast,favorability,Favorability,2020 Downballot,Metaregression coefficient,-0.21831099150406097,0.41466369320838264,-1.0389182500763052,0.6022962670681834,-0.2
secondary,Primary tone,tone_contrast,Primary tone: Contrast,favorability,Favorability,2020 Presidential,Metaregression coefficient,0.15128468067759843,0.2105022411277284,-0.26430378037019175,0.5668731417253886,0.2
secondary,Primary tone,tone_contrast,Primary tone: Contrast,favorability,Favorability,Combined,Metaregression coefficient,0.09436825483915898,0.18182909728693256,-0.26928993973470616,0.45802644941302406,0.1
secondary,Primary tone,tone_contrast,Primary tone: Contrast,favorability,Favorability,2020D-2018,Difference-in-coefficients,-0.5993266229056308,0.8418644040476766,-2.283055431000984,1.0844021851897225,-0.6
secondary,Primary tone,tone_contrast,Primary tone: Contrast,favorability,Favorability,2020P-2018,Difference-in-coefficients,-0.22973095072397143,0.7622997375423465,-1.7543304258086643,1.2948685243607216,-0.2
secondary,Primary tone,tone_contrast,Primary tone: Contrast,favorability,Favorability,2020P-2020D,Difference-in-coefficients,0.36959567218165934,0.4650345922455791,-0.5604735123094988,1.2996648566728175,0.4
secondary,Primary tone,tone_contrast,Primary tone: Contrast,votechoice,Vote choice,2018,Metaregression coefficient,0.583284621671004,1.0018060340613206,-1.405023042019215,2.5715922853612225,0.6
secondary,Primary tone,tone_contrast,Primary tone: Contrast,votechoice,Vote choice,2020 Downballot,Metaregression coefficient,-0.4706174888690284,0.3913740436384448,-1.243038178679341,0.3018032009412842,-0.5
secondary,Primary tone,tone_contrast,Primary tone: Contrast,votechoice,Vote choice,2020 Presidential,Metaregression coefficient,0.6708913404705793,0.17875790396149024,0.3190588834962725,1.0227237974448862,0.7
secondary,Primary tone,tone_contrast,Primary tone: Contrast,votechoice,Vote choice,Combined,Metaregression coefficient,0.4766676359936683,0.16049991036422528,0.15566781526521772,0.7976674567221189,0.5
secondary,Primary tone,tone_contrast,Primary tone: Contrast,votechoice,Vote choice,2020D-2018,Difference-in-coefficients,-1.0539021105400326,1.0755412460317733,-3.204984602603579,1.097180381523514,-1.1
secondary,Primary tone,tone_contrast,Primary tone: Contrast,votechoice,Vote choice,2020P-2018,Difference-in-coefficients,0.08760671879957527,1.017629460123073,-1.947652201446571,2.1228656390457212,0.1
secondary,Primary tone,tone_contrast,Primary tone: Contrast,votechoice,Vote choice,2020P-2020D,Difference-in-coefficients,1.1415088293396076,0.4302650697681752,0.28097868980325724,2.002038968875958,1.1
secondary,Primary tone,tone_positive,Primary tone: Positive,favorability,Favorability,2018,Metaregression coefficient,0.0988650754151799,0.6924544977408452,-1.2713774116072485,1.469107562437608,0.1
secondary,Primary tone,tone_positive,Primary tone: Positive,favorability,Favorability,2020 Downballot,Metaregression coefficient,-1.152566592879304,0.4251056273276083,-1.993838132101419,-0.31129505365718935,-1.2
secondary,Primary tone,tone_positive,Primary tone: Positive,favorability,Favorability,2020 Presidential,Metaregression coefficient,0.0280281910316961,0.16576291040547597,-0.29923270873427815,0.3552890907976704,0.0
secondary,Primary tone,tone_positive,Primary tone: Positive,favorability,Favorability,Combined,Metaregression coefficient,-0.11704763628288352,0.150733855346941,-0.4185153469767655,0.1844200744109985,-0.1
secondary,Primary tone,tone_positive,Primary tone: Positive,favorability,Favorability,2020D-2018,Difference-in-coefficients,-1.251431668294484,0.8125318614227541,-2.876495391139992,0.37363205455102433,-1.3
secondary,Primary tone,tone_positive,Primary tone: Positive,favorability,Favorability,2020P-2018,Difference-in-coefficients,-0.0708368843834838,0.7120186612074294,-1.4948742067983427,1.353200438031375,-0.1
secondary,Primary tone,tone_positive,Primary tone: Positive,favorability,Favorability,2020P-2020D,Difference-in-coefficients,1.1805947839110005,0.4562807653755451,0.2680332531599102,2.0931563146620906,1.2
secondary,Primary tone,tone_positive,Primary tone: Positive,votechoice,Vote choice,2018,Metaregression coefficient,-1.3925813448129951,0.9494990270509296,-3.277074078898695,0.4919113892727043,-1.4
secondary,Primary tone,tone_positive,Primary tone: Positive,votechoice,Vote choice,2020 Downballot,Metaregression coefficient,0.19934836905349093,0.33131444470555416,-0.4545379478428866,0.8532346859498685,0.2
secondary,Primary tone,tone_positive,Primary tone: Positive,votechoice,Vote choice,2020 Presidential,Metaregression coefficient,0.2722420389829528,0.14436531311875855,-0.01189869936101517,0.5563827773269208,0.3
secondary,Primary tone,tone_positive,Primary tone: Positive,votechoice,Vote choice,Combined,Metaregression coefficient,0.2291036182517004,0.13107975619067871,-0.03305589412965704,0.4912631306330578,0.2
secondary,Primary tone,tone_positive,Primary tone: Positive,votechoice,Vote choice,2020D-2018,Difference-in-coefficients,1.5919297138664863,1.0056429106005829,-0.41935610733467943,3.603215535067652,1.6
secondary,Primary tone,tone_positive,Primary tone: Positive,votechoice,Vote choice,2020P-2018,Difference-in-coefficients,1.664823383795948,0.960411237961395,-0.255999092126842,3.5856458597187384,1.7
secondary,Primary tone,tone_positive,Primary tone: Positive,votechoice,Vote choice,2020P-2020D,Difference-in-coefficients,0.07289366992946186,0.36140089222693805,-0.6499081145244142,0.795695454383338,0.1
secondary,Production value,production_value_high,Production value: High,favorability,Favorability,2018,Metaregression coefficient,0.6271671396916565,0.6069327211307715,-0.573752943422549,1.828087222805862,0.6
secondary,Production value,production_value_high,Production value: High,favorability,Favorability,2020 Downballot,Metaregression coefficient,1.4133056082496052,0.5476322102024265,0.3296402928685518,2.4969709236306583,1.4
secondary,Production value,production_value_high,Production value: High,favorability,Favorability,2020 Presidential,Metaregression coefficient,-0.05173898504246186,0.1786568387343818,-0.404440670368359,0.30096270028343525,-0.1
secondary,Production value,production_value_high,Production value: High,favorability,Favorability,Combined,Metaregression coefficient,0.12825733995733482,0.16356311067811852,-0.19886888139890221,0.4553835613135718,0.1
secondary,Production value,production_value_high,Production value: High,favorability,Favorability,2020D-2018,Difference-in-coefficients,0.7861384685579487,0.8174768288033597,-0.8488151890487707,2.421092126164668,0.8
secondary,Production value,production_value_high,Production value: High,favorability,Favorability,2020P-2018,Difference-in-coefficients,-0.6789061247341184,0.6326812736329136,-1.9442686719999456,0.5864564225317088,-0.7
secondary,Production value,production_value_high,Production value: High,favorability,Favorability,2020P-2020D,Difference-in-coefficients,-1.465044593292067,0.5760375887715641,-2.6171197708351954,-0.3129694157489389,-1.5
secondary,Production value,production_value_high,Production value: High,votechoice,Vote choice,2018,Metaregression coefficient,0.3933925928317556,0.779847798115992,-1.1541899819995314,1.940975167663043,0.4
secondary,Production value,production_value_high,Production value: High,votechoice,Vote choice,2020 Downballot,Metaregression coefficient,0.8415692569499053,0.41521202409038777,0.02213404921847073,1.6610044646813398,0.8
secondary,Production value,production_value_high,Production value: High,votechoice,Vote choice,2020 Presidential,Metaregression coefficient,-0.02395325698146959,0.1430103917274291,-0.30542314893521766,0.25751663497227845,-0.0
secondary,Production value,production_value_high,Production value: High,votechoice,Vote choice,Combined,Metaregression coefficient,0.07733652940057932,0.13322707012271137,-0.1891176108448434,0.3437906696460021,0.1
secondary,Production value,production_value_high,Production value: High,votechoice,Vote choice,2020D-2018,Difference-in-coefficients,0.44817666411814966,0.8834951121401848,-1.31881356016222,2.215166888398519,0.4
secondary,Production value,production_value_high,Production value: High,votechoice,Vote choice,2020P-2018,Difference-in-coefficients,-0.4173458498132252,0.7928521680416809,-2.003050185896587,1.1683584862701366,-0.4
secondary,Production value,production_value_high,Production value: High,votechoice,Vote choice,2020P-2020D,Difference-in-coefficients,-0.8655225139313748,0.43915031263938487,-1.7438231392101446,0.012778111347394927,-0.9
secondary,Specificity: Candidate attribute,how_specific_candidate_fact,Specificity: Candidate facts,favorability,Favorability,2018,Metaregression coefficient,-0.0999758579869275,0.8125593885594306,-1.7672100078857285,1.5672582919118736,-0.1
secondary,Specificity: Candidate attribute,how_specific_candidate_fact,Specificity: Candidate facts,favorability,Favorability,2020 Downballot,Metaregression coefficient,1.7484961710312694,0.5068117150041974,0.7249691482806346,2.772023193781904,1.7
secondary,Specificity: Candidate attribute,how_specific_candidate_fact,Specificity: Candidate facts,favorability,Favorability,2020 Presidential,Metaregression coefficient,-0.21473726875897545,0.1705947715755519,-0.5555395028070085,0.12606496528905764,-0.2
secondary,Specificity: Candidate attribute,how_specific_candidate_fact,Specificity: Candidate facts,favorability,Favorability,Combined,Metaregression coefficient,-0.01817520994326551,0.15857244227168651,-0.3353200944866385,0.29896967460010754,-0.0
secondary,Specificity: Candidate attribute,how_specific_candidate_fact,Specificity: Candidate facts,favorability,Favorability,2020D-2018,Difference-in-coefficients,1.8484720290181968,0.9576590595830916,-0.06684609014798637,3.76379014818438,1.8
secondary,Specificity: Candidate attribute,how_specific_candidate_fact,Specificity: Candidate facts,favorability,Favorability,2020P-2018,Difference-in-coefficients,-0.11476141077204792,0.8302742535000049,-1.7753099177720577,1.545787096227962,-0.1
secondary,Specificity: Candidate attribute,how_specific_candidate_fact,Specificity: Candidate facts,favorability,Favorability,2020P-2020D,Difference-in-coefficients,-1.963233439790245,0.5347529247740591,-3.0327392893383633,-0.8937275902421267,-2.0
secondary,Specificity: Candidate attribute,how_specific_candidate_fact,Specificity: Candidate facts,votechoice,Vote choice,2018,Metaregression coefficient,1.3412327102520132,1.0183534101414369,-0.7830152797015673,3.4654807002055934,1.3
secondary,Specificity: Candidate attribute,how_specific_candidate_fact,Specificity: Candidate facts,votechoice,Vote choice,2020 Downballot,Metaregression coefficient,0.44817217135854864,0.4869286594086007,-0.5255018602048571,1.4218462029219543,0.4
secondary,Specificity: Candidate attribute,how_specific_candidate_fact,Specificity: Candidate facts,votechoice,Vote choice,2020 Presidential,Metaregression coefficient,-0.3138883935777313,0.17552769896653284,-0.6615431183026577,0.03376633114719507,-0.3
secondary,Specificity: Candidate attribute,how_specific_candidate_fact,Specificity: Candidate facts,votechoice,Vote choice,Combined,Metaregression coefficient,-0.18609268161460413,0.16299763549460916,-0.5120879526038224,0.1399025893746142,-0.2
secondary,Specificity: Candidate attribute,how_specific_candidate_fact,Specificity: Candidate facts,votechoice,Vote choice,2020D-2018,Difference-in-coefficients,-0.8930605388934645,1.1287795122609865,-3.1506195634154377,1.3644984856285085,-0.9
secondary,Specificity: Candidate attribute,how_specific_candidate_fact,Specificity: Candidate facts,votechoice,Vote choice,2020P-2018,Difference-in-coefficients,-1.6551211038297444,1.0333700407168669,-3.721861185263478,0.41161897760398936,-1.7
secondary,Specificity: Candidate attribute,how_specific_candidate_fact,Specificity: Candidate facts,votechoice,Vote choice,2020P-2020D,Difference-in-coefficients,-0.7620605649362799,0.5175997415551352,-1.7972600480465504,0.2731389181739905,-0.8
secondary,Specificity: Issue fact,how_specific_policy_fact,Specificity: Policy facts,favorability,Favorability,2018,Metaregression coefficient,-0.21242634238542876,0.6413775827773756,-1.495819921132382,1.0709672363615246,-0.2
secondary,Specificity: Issue fact,how_specific_policy_fact,Specificity: Policy facts,favorability,Favorability,2020 Downballot,Metaregression coefficient,0.4777735194589598,0.36705373221858584,-0.25215308073043313,1.2077001196483528,0.5
secondary,Specificity: Issue fact,how_specific_policy_fact,Specificity: Policy facts,favorability,Favorability,2020 Presidential,Metaregression coefficient,0.3846582128895308,0.1618873982969596,0.06152961347737884,0.7077868123016827,0.4
secondary,Specificity: Issue fact,how_specific_policy_fact,Specificity: Policy facts,favorability,Favorability,Combined,Metaregression coefficient,0.3688212273673636,0.14432217295987468,0.08017688144761426,0.657465573287113,0.4
secondary,Specificity: Issue fact,how_specific_policy_fact,Specificity: Policy facts,favorability,Favorability,2020D-2018,Difference-in-coefficients,0.6901998618443885,0.7389814923426314,-0.7877631228408744,2.1681628465296514,0.7
secondary,Specificity: Issue fact,how_specific_policy_fact,Specificity: Policy facts,favorability,Favorability,2020P-2018,Difference-in-coefficients,0.5970845552749595,0.6614928067762398,-0.72590105827752,1.920070168827439,0.6
secondary,Specificity: Issue fact,how_specific_policy_fact,Specificity: Policy facts,favorability,Favorability,2020P-2020D,Difference-in-coefficients,-0.093115306569429,0.40116825904220255,-0.8954518246538341,0.7092212115149761,-0.1
secondary,Specificity: Issue fact,how_specific_policy_fact,Specificity: Policy facts,votechoice,Vote choice,2018,Metaregression coefficient,-0.16407632233522765,0.8137005838675009,-1.8086265474676793,1.4804739027972238,-0.2
secondary,Specificity: Issue fact,how_specific_policy_fact,Specificity: Policy facts,votechoice,Vote choice,2020 Downballot,Metaregression coefficient,-0.03550031319978616,0.3073709364363767,-0.6452415692161234,0.574240942816551,-0.0
secondary,Specificity: Issue fact,how_specific_policy_fact,Specificity: Policy facts,votechoice,Vote choice,2020 Presidential,Metaregression coefficient,0.19041796959150065,0.14722759101579594,-0.10113274322439116,0.4819686824073924,0.2
secondary,Specificity: Issue fact,how_specific_policy_fact,Specificity: Policy facts,votechoice,Vote choice,Combined,Metaregression coefficient,0.1401568006208915,0.13104800844871614,-0.12193921627654078,0.40225281751832376,0.1
secondary,Specificity: Issue fact,how_specific_policy_fact,Specificity: Policy facts,votechoice,Vote choice,2020D-2018,Difference-in-coefficients,0.12857600913544148,0.8698192529210232,-1.611062496706605,1.868214514977488,0.1
secondary,Specificity: Issue fact,how_specific_policy_fact,Specificity: Policy facts,votechoice,Vote choice,2020P-2018,Difference-in-coefficients,0.35449429192672827,0.8269126941477113,-1.2993310963686944,2.008319680222151,0.4
secondary,Specificity: Issue fact,how_specific_policy_fact,Specificity: Policy facts,votechoice,Vote choice,2020P-2020D,Difference-in-coefficients,0.2259182827912868,0.34081205395656067,-0.45570582512183455,0.9075423907044081,0.2
