metareg_group,metareg_name,outcome,outcome_name,dataset,term,term_name,estimate,std.error,statistic,p.value,group_name
primary,Fact type,favorability,Favorability,2018,candidate_facts,Candidate facts,1.9591243082006051,0.7509630313218834,2.6088159156810353,0.01019351092185291,2018 Primary hypotheses
primary,Fact type,favorability,Favorability,2020 Downballot,candidate_facts,Candidate facts,1.3249831989880465,0.5008433831269274,2.6455040510183983,0.00921309973120752,2018 Primary hypotheses
primary,Fact type,favorability,Favorability,2020 Presidential,candidate_facts,Candidate facts,-0.10698750492441164,0.21102552212067197,-0.5069884621028556,0.6128398000891697,2018 Primary hypotheses
primary,Fact type,votechoice,Vote choice,2018,candidate_facts,Candidate facts,1.4393205283779875,0.9358430133763672,1.537993560677615,0.12737437430408433,2018 Primary hypotheses
primary,Fact type,votechoice,Vote choice,2020 Downballot,candidate_facts,Candidate facts,0.9940558212264152,0.4099060785897638,2.4250819227818075,0.01633335623060897,2018 Primary hypotheses
primary,Fact type,votechoice,Vote choice,2020 Presidential,candidate_facts,Candidate facts,-0.15728474845286017,0.17280976851133975,-0.910161212573693,0.3635012428507848,2018 Primary hypotheses
primary,New fact (where fact present),favorability,Favorability,2018,fact_new_only,New fact (where fact present),-1.163966490126874,0.6196949948110532,-1.8782893195414152,0.06276842830496074,2018 Primary hypotheses
primary,New fact (where fact present),favorability,Favorability,2020 Downballot,fact_new_only,New fact (where fact present),0.983400017523193,0.4289601082529182,2.292520909527962,0.02360296387841029,2018 Primary hypotheses
primary,New fact (where fact present),favorability,Favorability,2020 Presidential,fact_new_only,New fact (where fact present),0.08080787754366435,0.14614666048124167,0.5529231887856669,0.581210579723072,2018 Primary hypotheses
primary,New fact (where fact present),votechoice,Vote choice,2018,fact_new_only,New fact (where fact present),-0.979053914951835,0.7567309187284972,-1.2937939903352935,0.19908414020069137,2018 Primary hypotheses
primary,New fact (where fact present),votechoice,Vote choice,2020 Downballot,fact_new_only,New fact (where fact present),0.25660153598183805,0.3526328739699688,0.7276733252149684,0.4678575279875424,2018 Primary hypotheses
primary,New fact (where fact present),votechoice,Vote choice,2020 Presidential,fact_new_only,New fact (where fact present),-0.0492566547037666,0.141732141676554,-0.34753341141330446,0.7285057038182523,2018 Primary hypotheses
primary,Fact type,favorability,Favorability,2018,policy_facts,Policy facts,-0.3266119875510263,0.6676110433499515,-0.4892249623555452,0.6255397946319678,2018 Primary hypotheses
primary,Fact type,favorability,Favorability,2020 Downballot,policy_facts,Policy facts,-0.01800315735453521,0.5764488580917344,-0.0312311441020675,0.9751354155052968,2018 Primary hypotheses
primary,Fact type,favorability,Favorability,2020 Presidential,policy_facts,Policy facts,0.26356745079869603,0.2188302496941185,1.2044379201098174,0.2301451962924789,2018 Primary hypotheses
primary,Fact type,votechoice,Vote choice,2018,policy_facts,Policy facts,0.17420625139711962,0.863081494015865,0.2018421813061345,0.8404716908903159,2018 Primary hypotheses
primary,Fact type,votechoice,Vote choice,2020 Downballot,policy_facts,Policy facts,-0.19868166565385473,0.44754000804295624,-0.44394168584540195,0.6576395192008933,2018 Primary hypotheses
primary,Fact type,votechoice,Vote choice,2020 Presidential,policy_facts,Policy facts,0.4582110427937954,0.191761335530795,2.3894860844886594,0.01751753267968385,2018 Primary hypotheses
primary,Primary focus,favorability,Favorability,2018,primary_focus_candidate,Primary focus: Candidate,1.936814343667976,0.7359500752806718,2.6317197439368782,0.00954814091945435,2018 Primary hypotheses
primary,Primary focus,favorability,Favorability,2020 Downballot,primary_focus_candidate,Primary focus: Candidate,0.42791925338387227,0.4996205001309088,0.8564885813767658,0.39335355035075725,2018 Primary hypotheses
primary,Primary focus,favorability,Favorability,2020 Presidential,primary_focus_candidate,Primary focus: Candidate,-0.10245187493553344,0.17879223932051763,-0.5730219349838211,0.5674005929112923,2018 Primary hypotheses
primary,Primary focus,votechoice,Vote choice,2018,primary_focus_candidate,Primary focus: Candidate,0.4530076403132543,0.9353509624121296,0.48431835590890465,0.6292517144504051,2018 Primary hypotheses
primary,Primary focus,votechoice,Vote choice,2020 Downballot,primary_focus_candidate,Primary focus: Candidate,0.04492609073170054,0.3851273861450499,0.1166525475671577,0.907269157966487,2018 Primary hypotheses
primary,Primary focus,votechoice,Vote choice,2020 Presidential,primary_focus_candidate,Primary focus: Candidate,-0.1667991320428889,0.16351275485086006,-1.0200985983939073,0.30853487601653834,2018 Primary hypotheses
primary,Primary focus,favorability,Favorability,2018,primary_focus_issues,Primary focus: Issues,2.489416416554621,0.7195073413327036,3.4598902242520735,7.363519132175559e-4,2018 Primary hypotheses
primary,Primary focus,favorability,Favorability,2020 Downballot,primary_focus_issues,Primary focus: Issues,-0.972350490046326,0.6068182338948048,-1.6023752018877009,0.11157670859033668,2018 Primary hypotheses
primary,Primary focus,favorability,Favorability,2020 Presidential,primary_focus_issues,Primary focus: Issues,0.4614960040388276,0.16787352606008357,2.7490695815470847,0.00663446023776867,2018 Primary hypotheses
primary,Primary focus,votechoice,Vote choice,2018,primary_focus_issues,Primary focus: Issues,2.238705571014304,0.8717402411029453,2.5680879067620457,0.01175189246160317,2018 Primary hypotheses
primary,Primary focus,votechoice,Vote choice,2020 Downballot,primary_focus_issues,Primary focus: Issues,-0.4748756357835335,0.4254545761936432,-1.1161606017545729,0.26588363158889833,2018 Primary hypotheses
primary,Primary focus,votechoice,Vote choice,2020 Presidential,primary_focus_issues,Primary focus: Issues,-0.08393095770711181,0.1537112937726473,-0.5460298696805791,0.5854666527471157,2018 Primary hypotheses
primary,Persuasive techniques,favorability,Favorability,2018,technique_neg_name,Technique: Negative name-calling,0.70485622978844,0.8353621070672906,0.8437732856509158,0.4004475146807752,2018 Primary hypotheses
primary,Persuasive techniques,favorability,Favorability,2020 Downballot,technique_neg_name,Technique: Negative name-calling,0.38578510501649144,0.4525924424464165,0.8523896310137028,0.3956818907590933,2018 Primary hypotheses
primary,Persuasive techniques,favorability,Favorability,2020 Presidential,technique_neg_name,Technique: Negative name-calling,-0.00595270600670174,0.25420623910343026,-0.02341683676882428,0.9813465935869556,2018 Primary hypotheses
primary,Persuasive techniques,votechoice,Vote choice,2018,technique_neg_name,Technique: Negative name-calling,0.8487763819597213,1.0510942322273027,0.8075169246825156,0.42145164434645566,2018 Primary hypotheses
primary,Persuasive techniques,votechoice,Vote choice,2020 Downballot,technique_neg_name,Technique: Negative name-calling,-0.23012890841499736,0.3814589823324195,-0.6032861174427747,0.547122417444932,2018 Primary hypotheses
primary,Persuasive techniques,votechoice,Vote choice,2020 Presidential,technique_neg_name,Technique: Negative name-calling,0.1239519955885664,0.1946547408082758,0.6367787143219505,0.5247819192199654,2018 Primary hypotheses
primary,Persuasive techniques,favorability,Favorability,2018,technique_neg_testimonial,Technique: Negative testimonial,1.101257826002717,0.7009496711510287,1.571094004786881,0.11875077050034798,2018 Primary hypotheses
primary,Persuasive techniques,favorability,Favorability,2020 Downballot,technique_neg_testimonial,Technique: Negative testimonial,0.5915755443194144,0.4244224160083393,1.393836710801323,0.16592150685179,2018 Primary hypotheses
primary,Persuasive techniques,favorability,Favorability,2020 Presidential,technique_neg_testimonial,Technique: Negative testimonial,-0.04481374182541396,0.1812784555755303,-0.24720941980191444,0.8050591725033593,2018 Primary hypotheses
primary,Persuasive techniques,votechoice,Vote choice,2018,technique_neg_testimonial,Technique: Negative testimonial,1.0360790790396537,0.8338801073418456,1.242479668141211,0.2172173014634893,2018 Primary hypotheses
primary,Persuasive techniques,votechoice,Vote choice,2020 Downballot,technique_neg_testimonial,Technique: Negative testimonial,0.6338088618959906,0.3477233451829979,1.8227388832994031,0.07009983215162667,2018 Primary hypotheses
primary,Persuasive techniques,votechoice,Vote choice,2020 Presidential,technique_neg_testimonial,Technique: Negative testimonial,-0.04549087578353746,0.15838600642758385,-0.28721524590202036,0.7741569615940767,2018 Primary hypotheses
primary,Persuasive techniques,favorability,Favorability,2018,technique_neg_transfer,Technique: Negative transfer of association,0.09352826450531825,0.7026508683304695,0.13310773347159688,0.8943274840400703,2018 Primary hypotheses
primary,Persuasive techniques,favorability,Favorability,2020 Downballot,technique_neg_transfer,Technique: Negative transfer of association,0.36633850823992176,0.41788231762193473,0.8766547250064657,0.3824113482521152,2018 Primary hypotheses
primary,Persuasive techniques,favorability,Favorability,2020 Presidential,technique_neg_transfer,Technique: Negative transfer of association,-0.03574037142916227,0.22048253460589043,-0.16210069198019564,0.8714285673711011,2018 Primary hypotheses
primary,Persuasive techniques,votechoice,Vote choice,2018,technique_neg_transfer,Technique: Negative transfer of association,-0.17044104777312824,0.8339317143943814,-0.2043824989878291,0.8385060678570178,2018 Primary hypotheses
primary,Persuasive techniques,votechoice,Vote choice,2020 Downballot,technique_neg_transfer,Technique: Negative transfer of association,0.041810384633873,0.3871586470291749,0.10799289891805598,0.9141286769368802,2018 Primary hypotheses
primary,Persuasive techniques,votechoice,Vote choice,2020 Presidential,technique_neg_transfer,Technique: Negative transfer of association,0.09000317736254265,0.17978717764776403,0.5006095459091935,0.6170336699186288,2018 Primary hypotheses
primary,Persuasive techniques,favorability,Favorability,2018,technique_plain_folks,Technique: Plain folks,-0.18952814592122635,0.7324231282549465,-0.2587686524492905,0.7962498274926342,2018 Primary hypotheses
primary,Persuasive techniques,favorability,Favorability,2020 Downballot,technique_plain_folks,Technique: Plain folks,0.16491072275004368,0.5671420149709754,0.29077500590127026,0.7717212061634644,2018 Primary hypotheses
primary,Persuasive techniques,favorability,Favorability,2020 Presidential,technique_plain_folks,Technique: Plain folks,0.24024076096023425,0.21927658291115515,1.0956060960580236,0.27487731011035355,2018 Primary hypotheses
primary,Persuasive techniques,votechoice,Vote choice,2018,technique_plain_folks,Technique: Plain folks,1.1822383060263444,0.8342401862506877,1.4171437980465302,0.15981853677259403,2018 Primary hypotheses
primary,Persuasive techniques,votechoice,Vote choice,2020 Downballot,technique_plain_folks,Technique: Plain folks,0.8592800288436796,0.42395120268852954,2.0268371062388035,0.04424151253672215,2018 Primary hypotheses
primary,Persuasive techniques,votechoice,Vote choice,2020 Presidential,technique_plain_folks,Technique: Plain folks,0.2662464861628742,0.1884310857616694,1.4129647721694232,0.15876107876903697,2018 Primary hypotheses
primary,Persuasive techniques,favorability,Favorability,2018,technique_pos_name,Technique: Positive name-calling,0.5580232557453748,1.843666489500271,0.3026703901835456,0.7626565105777523,2018 Primary hypotheses
primary,Persuasive techniques,favorability,Favorability,2020 Downballot,technique_pos_name,Technique: Positive name-calling,-0.7048763557182088,0.7441664184998295,-0.9472025855979556,0.34542337665513045,2018 Primary hypotheses
primary,Persuasive techniques,favorability,Favorability,2020 Presidential,technique_pos_name,Technique: Positive name-calling,-0.2433224536961389,0.26793219874934365,-0.9081493558143502,0.36514830247464247,2018 Primary hypotheses
primary,Persuasive techniques,votechoice,Vote choice,2018,technique_pos_name,Technique: Positive name-calling,-2.025577411219329,2.778540592016286,-0.729007672963108,0.4678487771209473,2018 Primary hypotheses
primary,Persuasive techniques,votechoice,Vote choice,2020 Downballot,technique_pos_name,Technique: Positive name-calling,-0.39795991695714,0.6330063662997162,-0.6286823295055357,0.5304008408010211,2018 Primary hypotheses
primary,Persuasive techniques,votechoice,Vote choice,2020 Presidential,technique_pos_name,Technique: Positive name-calling,0.06641084339243937,0.23321674962411043,0.2847601791015343,0.7760354164145125,2018 Primary hypotheses
primary,Persuasive techniques,favorability,Favorability,2018,technique_pos_testimonial,Technique: Positive testimonial,0.7227953594646445,0.9585584187398092,0.7540441410079983,0.4522756338317734,2018 Primary hypotheses
primary,Persuasive techniques,favorability,Favorability,2020 Downballot,technique_pos_testimonial,Technique: Positive testimonial,-0.4340375466285242,0.6089187536298531,-0.7128004254117044,0.47734161648952234,2018 Primary hypotheses
primary,Persuasive techniques,favorability,Favorability,2020 Presidential,technique_pos_testimonial,Technique: Positive testimonial,0.1902148814416838,0.17204097141494318,1.1056371042157582,0.27052288774555394,2018 Primary hypotheses
primary,Persuasive techniques,votechoice,Vote choice,2018,technique_pos_testimonial,Technique: Positive testimonial,-1.7870021092424186,1.3373620611632544,-1.3362141495834432,0.1847749309361693,2018 Primary hypotheses
primary,Persuasive techniques,votechoice,Vote choice,2020 Downballot,technique_pos_testimonial,Technique: Positive testimonial,-0.28002363899182653,0.43518379685285463,-0.6434606274794481,0.5207923153924339,2018 Primary hypotheses
primary,Persuasive techniques,votechoice,Vote choice,2020 Presidential,technique_pos_testimonial,Technique: Positive testimonial,0.1603881263073745,0.1541324681471461,1.0405862452955486,0.29895266771842494,2018 Primary hypotheses
primary,Persuasive techniques,favorability,Favorability,2018,technique_pos_transfer,Technique: Positive transfer of association,-0.2385855987021571,0.7716997079874472,-0.30916896330617505,0.7577203805501498,2018 Primary hypotheses
primary,Persuasive techniques,favorability,Favorability,2020 Downballot,technique_pos_transfer,Technique: Positive transfer of association,-0.4753591394036336,0.6365834015081635,-0.746735051962453,0.4566720075547997,2018 Primary hypotheses
primary,Persuasive techniques,favorability,Favorability,2020 Presidential,technique_pos_transfer,Technique: Positive transfer of association,0.02751593904168574,0.20103237643775995,0.13687317201965593,0.891300999896774,2018 Primary hypotheses
primary,Persuasive techniques,votechoice,Vote choice,2018,technique_pos_transfer,Technique: Positive transfer of association,0.8747494284835914,1.052492826657337,0.8311215110717196,0.4080568434210944,2018 Primary hypotheses
primary,Persuasive techniques,votechoice,Vote choice,2020 Downballot,technique_pos_transfer,Technique: Positive transfer of association,0.9963934753525224,0.4569188454280981,2.180679316080688,0.03058110932483378,2018 Primary hypotheses
primary,Persuasive techniques,votechoice,Vote choice,2020 Presidential,technique_pos_transfer,Technique: Positive transfer of association,0.04738301343407801,0.17339109670429045,0.27327247093250295,0.7848423923884992,2018 Primary hypotheses
secondary,Cited fact (where fact present),favorability,Favorability,2018,fact_cite_only,Cited fact (where fact present),-1.0863423170382949,0.5238917188417984,-2.0736008567570847,0.04025596907664877,2018 Secondary hypotheses
secondary,Cited fact (where fact present),favorability,Favorability,2020 Downballot,fact_cite_only,Cited fact (where fact present),0.4695834690368021,0.3508386640444442,1.338459859650233,0.1832561345873203,2018 Secondary hypotheses
secondary,Cited fact (where fact present),favorability,Favorability,2020 Presidential,fact_cite_only,Cited fact (where fact present),-0.07787582334357442,0.14315930744436467,-0.5439801626159649,0.5872574283443488,2018 Secondary hypotheses
secondary,Cited fact (where fact present),votechoice,Vote choice,2018,fact_cite_only,Cited fact (where fact present),-0.5341218640175531,0.6548922124929868,-0.8155874414574338,0.41691350182567055,2018 Secondary hypotheses
secondary,Cited fact (where fact present),votechoice,Vote choice,2020 Downballot,fact_cite_only,Cited fact (where fact present),0.07543605814942365,0.3063284901290076,0.2462587078258846,0.8057880570754246,2018 Secondary hypotheses
secondary,Cited fact (where fact present),votechoice,Vote choice,2020 Presidential,fact_cite_only,Cited fact (where fact present),-0.17555391118374214,0.13742826535396213,-1.2774221571638342,0.20260602009376025,2018 Secondary hypotheses
secondary,Emotion: anger,favorability,Favorability,2018,emotion_anger,Emotion: Anger,0.8031609039873364,0.8375945227410067,0.9588898711503184,0.3394219599069911,2018 Secondary hypotheses
secondary,Emotion: anger,favorability,Favorability,2020 Downballot,emotion_anger,Emotion: Anger,0.9782256858389232,0.4528580780697945,2.1601153500637325,0.0326417315937138,2018 Secondary hypotheses
secondary,Emotion: anger,favorability,Favorability,2020 Presidential,emotion_anger,Emotion: Anger,-0.12724729787555294,0.19898187378866816,-0.6394919067386909,0.5233740161293196,2018 Secondary hypotheses
secondary,Emotion: anger,votechoice,Vote choice,2018,emotion_anger,Emotion: Anger,2.965280129829053,0.9809899149356232,3.022742726181489,0.0031966934303709,2018 Secondary hypotheses
secondary,Emotion: anger,votechoice,Vote choice,2020 Downballot,emotion_anger,Emotion: Anger,0.3946055562189909,0.36590388439432264,1.0784404676987178,0.2823130497860275,2018 Secondary hypotheses
secondary,Emotion: anger,votechoice,Vote choice,2020 Presidential,emotion_anger,Emotion: Anger,0.15926906147778402,0.1712774334485943,0.929889351276306,0.35320176833272077,2018 Secondary hypotheses
secondary,Emotion: enthusiasm,favorability,Favorability,2018,emotion_enthusiasm,Emotion: Enthusiasm,0.8974289637360399,0.7411588626752561,1.2108456215401888,0.22818554598854288,2018 Secondary hypotheses
secondary,Emotion: enthusiasm,favorability,Favorability,2020 Downballot,emotion_enthusiasm,Emotion: Enthusiasm,-0.6674377673415943,0.3984164957719009,-1.6752262379309513,0.09635040050010008,2018 Secondary hypotheses
secondary,Emotion: enthusiasm,favorability,Favorability,2020 Presidential,emotion_enthusiasm,Emotion: Enthusiasm,-0.0553063540708564,0.14514450398313142,-0.3810433916070571,0.7036524777151938,2018 Secondary hypotheses
secondary,Emotion: enthusiasm,votechoice,Vote choice,2018,emotion_enthusiasm,Emotion: Enthusiasm,-0.3180008612387165,1.1710255727437793,-0.27155757196115066,0.7865334558902211,2018 Secondary hypotheses
secondary,Emotion: enthusiasm,votechoice,Vote choice,2020 Downballot,emotion_enthusiasm,Emotion: Enthusiasm,0.0292854813237751,0.32509564452971473,0.09008266279955753,0.9283239602704748,2018 Secondary hypotheses
secondary,Emotion: enthusiasm,votechoice,Vote choice,2020 Presidential,emotion_enthusiasm,Emotion: Enthusiasm,0.0991189312764293,0.1332237571602097,0.744003422431877,0.4574768003398608,2018 Secondary hypotheses
secondary,Explicit vote for,favorability,Favorability,2018,explicit_vote_for,Explicit vote for,1.1218535249573711,0.5586021032467046,2.0083231309673546,0.04671351346719644,2018 Secondary hypotheses
secondary,Explicit vote for,favorability,Favorability,2020 Downballot,explicit_vote_for,Explicit vote for,-1.1220178790972886,0.40753364994379576,-2.7531907592220413,0.0067674467267907,2018 Secondary hypotheses
secondary,Explicit vote for,favorability,Favorability,2020 Presidential,explicit_vote_for,Explicit vote for,0.3111059146276876,0.1954627901157185,1.5916375410557977,0.11334605063558524,2018 Secondary hypotheses
secondary,Explicit vote for,votechoice,Vote choice,2018,explicit_vote_for,Explicit vote for,1.9401929227831587,0.6853872284437006,2.8307981857040554,0.00563433967818828,2018 Secondary hypotheses
secondary,Explicit vote for,votechoice,Vote choice,2020 Downballot,explicit_vote_for,Explicit vote for,0.17509526788491245,0.37370502878640505,0.468538698699155,0.6399791812962761,2018 Secondary hypotheses
secondary,Explicit vote for,votechoice,Vote choice,2020 Presidential,explicit_vote_for,Explicit vote for,0.2887016365480932,0.15892125205335078,1.816633287354006,0.07030553203762525,2018 Secondary hypotheses
secondary,Messenger: female,favorability,Favorability,2018,messenger_female,Messenger: Female,0.13322723781355542,0.4458482841077406,0.2988174286241296,0.7655639398411351,2018 Secondary hypotheses
secondary,Messenger: female,favorability,Favorability,2020 Downballot,messenger_female,Messenger: Female,0.2318173039920388,0.33031890791066565,0.701798469419539,0.4840889780198424,2018 Secondary hypotheses
secondary,Messenger: female,favorability,Favorability,2020 Presidential,messenger_female,Messenger: Female,0.3389555698164628,0.1273056554100626,2.662533480737029,0.0085092627655239,2018 Secondary hypotheses
secondary,Messenger: female,votechoice,Vote choice,2018,messenger_female,Messenger: Female,1.051894348209506,0.5873691527958579,1.7908573223543038,0.07640356627782906,2018 Secondary hypotheses
secondary,Messenger: female,votechoice,Vote choice,2020 Downballot,messenger_female,Messenger: Female,-0.33236118674341103,0.2742005058780983,-1.2121100421717286,0.2270949402418939,2018 Secondary hypotheses
secondary,Messenger: female,votechoice,Vote choice,2020 Presidential,messenger_female,Messenger: Female,0.24809913800442787,0.10915535535655332,2.272899366174184,0.02376381079344003,2018 Secondary hypotheses
secondary,Messenger: politician,favorability,Favorability,2018,messenger_politician,Messenger: Politician,2.1258439293607485,0.8237532538914009,2.580680463862554,0.01098815007136277,2018 Secondary hypotheses
secondary,Messenger: politician,favorability,Favorability,2020 Downballot,messenger_politician,Messenger: Politician,0.6908030696399317,0.5701377869304314,1.2116423178318891,0.22789889536385852,2018 Secondary hypotheses
secondary,Messenger: politician,favorability,Favorability,2020 Presidential,messenger_politician,Messenger: Politician,-0.3007023179294282,0.18363439491114375,-1.637505425249615,0.10339661848175472,2018 Secondary hypotheses
secondary,Messenger: politician,votechoice,Vote choice,2018,messenger_politician,Messenger: Politician,-0.25421229531896083,1.386634219880554,-0.1833304642812428,0.8549174996859015,2018 Secondary hypotheses
secondary,Messenger: politician,votechoice,Vote choice,2020 Downballot,messenger_politician,Messenger: Politician,0.6679196650243296,0.49180803062751866,1.3580901966405523,0.17617349154227,2018 Secondary hypotheses
secondary,Messenger: politician,votechoice,Vote choice,2020 Presidential,messenger_politician,Messenger: Politician,-0.06378998205420515,0.1615375863559302,-0.39489250454473784,0.6932125044761153,2018 Secondary hypotheses
secondary,Primary tone,favorability,Favorability,2018,tone_contrast,Primary tone: Contrast,0.3810156313774009,0.7326593316662194,0.5200447396348481,0.6039377168873553,2018 Secondary hypotheses
secondary,Primary tone,favorability,Favorability,2020 Downballot,tone_contrast,Primary tone: Contrast,-0.21831099142956012,0.41466369310940776,-0.5264772273466426,0.5994822248113667,2018 Secondary hypotheses
secondary,Primary tone,favorability,Favorability,2020 Presidential,tone_contrast,Primary tone: Contrast,0.1512846806425408,0.2105022410657403,0.718684418163958,0.4733397328279826,2018 Secondary hypotheses
secondary,Primary tone,votechoice,Vote choice,2018,tone_contrast,Primary tone: Contrast,0.5832846216513661,1.0018060340338877,0.5822330888771983,0.5617605673675636,2018 Secondary hypotheses
secondary,Primary tone,votechoice,Vote choice,2020 Downballot,tone_contrast,Primary tone: Contrast,-0.4706174888575873,0.3913740436007802,-1.2024749636632497,0.23080403571538616,2018 Secondary hypotheses
secondary,Primary tone,votechoice,Vote choice,2020 Presidential,tone_contrast,Primary tone: Contrast,0.6708913404656047,0.1787579039580906,3.753072315184976,2.1112629021224224e-4,2018 Secondary hypotheses
secondary,Primary tone,favorability,Favorability,2018,tone_positive,Primary tone: Positive,0.0988650753579369,0.6924544977065674,0.14277483312677058,0.8866942839818145,2018 Secondary hypotheses
secondary,Primary tone,favorability,Favorability,2020 Downballot,tone_positive,Primary tone: Positive,-1.1525665928676865,0.42510562723620215,-2.71124755595692,0.00763875325898004,2018 Secondary hypotheses
secondary,Primary tone,favorability,Favorability,2020 Presidential,tone_positive,Primary tone: Positive,0.02802819097997529,0.16576291036475083,0.16908602122333052,0.8659336109487574,2018 Secondary hypotheses
secondary,Primary tone,votechoice,Vote choice,2018,tone_positive,Primary tone: Positive,-1.3925813448513584,0.949499027027252,-1.4666485222331769,0.14570630863448278,2018 Secondary hypotheses
secondary,Primary tone,votechoice,Vote choice,2020 Downballot,tone_positive,Primary tone: Positive,0.1993483690548654,0.3313144446730426,0.6016893385122166,0.5481596323209779,2018 Secondary hypotheses
secondary,Primary tone,votechoice,Vote choice,2020 Presidential,tone_positive,Primary tone: Positive,0.2722420389806877,0.14436531311633058,1.885785671806864,0.06032662250573328,2018 Secondary hypotheses
secondary,Production value,favorability,Favorability,2018,production_value_high,Production value: High,0.6271671397785672,0.6069327214066943,1.0333388160799362,0.3033937933501237,2018 Secondary hypotheses
secondary,Production value,favorability,Favorability,2020 Downballot,production_value_high,Production value: High,1.4133056079819497,0.5476322098474294,2.580756906858523,0.0109949124265249,2018 Secondary hypotheses
secondary,Production value,favorability,Favorability,2020 Presidential,production_value_high,Production value: High,-0.05173898501473531,0.17865683878031924,-0.28959980131717666,0.7724795165414513,2018 Secondary hypotheses
secondary,Production value,votechoice,Vote choice,2018,production_value_high,Production value: High,0.393392592829487,0.7798477975254143,0.5044479116024776,0.6150790006912263,2018 Secondary hypotheses
secondary,Production value,votechoice,Vote choice,2020 Downballot,production_value_high,Production value: High,0.8415692569731198,0.4152120241462321,2.026842210804402,0.04418756303461058,2018 Secondary hypotheses
secondary,Production value,votechoice,Vote choice,2020 Presidential,production_value_high,Production value: High,-0.02395325697824337,0.1430103917611695,-0.1674931218861762,0.86709879678443,2018 Secondary hypotheses
secondary,Specificity: Candidate attribute,favorability,Favorability,2018,how_specific_candidate_fact,Specificity: Candidate facts,-0.09997585818435764,0.8125593882754935,-0.12303821680842043,0.9029881461097022,2018 Secondary hypotheses
secondary,Specificity: Candidate attribute,favorability,Favorability,2020 Downballot,how_specific_candidate_fact,Specificity: Candidate facts,1.748496170841391,0.5068117148964373,3.4499916230205563,0.0013116730924534,2018 Secondary hypotheses
secondary,Specificity: Candidate attribute,favorability,Favorability,2020 Presidential,how_specific_candidate_fact,Specificity: Candidate facts,-0.21473726874822952,0.1705947716030761,-1.258756447986929,0.21269057467094143,2018 Secondary hypotheses
secondary,Specificity: Candidate attribute,votechoice,Vote choice,2018,how_specific_candidate_fact,Specificity: Candidate facts,1.341232709671962,1.0183534096706874,1.3170601649045262,0.20271015974823636,2018 Secondary hypotheses
secondary,Specificity: Candidate attribute,votechoice,Vote choice,2020 Downballot,how_specific_candidate_fact,Specificity: Candidate facts,0.4481721713174728,0.4869286594959384,0.9204062290796649,0.36098619845811986,2018 Secondary hypotheses
secondary,Specificity: Candidate attribute,votechoice,Vote choice,2020 Presidential,how_specific_candidate_fact,Specificity: Candidate facts,-0.3138883936237866,0.1755276990167357,-1.7882556165329715,0.07634530226323627,2018 Secondary hypotheses
secondary,Specificity: Issue fact,favorability,Favorability,2018,how_specific_policy_fact,Specificity: Policy facts,-0.21242634249151185,0.6413775830920417,-0.33120325388894567,0.7416644664192356,2018 Secondary hypotheses
secondary,Specificity: Issue fact,favorability,Favorability,2020 Downballot,how_specific_policy_fact,Specificity: Policy facts,0.4777735194909139,0.3670537322609962,1.3016446299235274,0.1965963855115132,2018 Secondary hypotheses
secondary,Specificity: Issue fact,favorability,Favorability,2020 Presidential,how_specific_policy_fact,Specificity: Policy facts,0.3846582128820021,0.16188739827928497,2.376084963811681,0.02036359156268032,2018 Secondary hypotheses
secondary,Specificity: Issue fact,votechoice,Vote choice,2018,how_specific_policy_fact,Specificity: Policy facts,-0.1640763223887803,0.8137005839736364,-0.20164213424491817,0.8412184785164221,2018 Secondary hypotheses
secondary,Specificity: Issue fact,votechoice,Vote choice,2020 Downballot,how_specific_policy_fact,Specificity: Policy facts,-0.03550031314411856,0.30737093639115176,-0.11549664897055148,0.9082807938705856,2018 Secondary hypotheses
secondary,Specificity: Issue fact,votechoice,Vote choice,2020 Presidential,how_specific_policy_fact,Specificity: Policy facts,0.19041796958709747,0.14722759102704705,1.293357911100481,0.19841350256453316,2018 Secondary hypotheses
new,Pushiness,favorability,Favorability,2020 Downballot,how_pushy,How pushy,0.8670866197421173,0.3164755970141726,2.7398214204278344,0.00703259001004881,2020 New hypotheses
new,Pushiness,favorability,Favorability,2020 Presidential,how_pushy,How pushy,0.2718401350878818,0.12135920734882964,2.2399630075575256,0.02640481707182882,2020 New hypotheses
new,Pushiness,votechoice,Vote choice,2020 Downballot,how_pushy,How pushy,0.2070466592045541,0.24396910753287923,0.8486593294466628,0.3972236598901227,2020 New hypotheses
new,Pushiness,votechoice,Vote choice,2020 Presidential,how_pushy,How pushy,0.2396094095222092,0.10190769688810604,2.351239571092444,0.01938024819747717,2020 New hypotheses
new,Issue: BLM/Race,favorability,Favorability,2020 Downballot,issue_blm_race,Issue: BLM/Race,0.03236688825306241,1.304452237496006,0.02481262810755959,0.9802433632949454,2020 New hypotheses
new,Issue: BLM/Race,favorability,Favorability,2020 Presidential,issue_blm_race,Issue: BLM/Race,-0.316047882992464,0.17184114391771269,-1.8391863309744128,0.06765295260790442,2020 New hypotheses
new,Issue: BLM/Race,votechoice,Vote choice,2020 Downballot,issue_blm_race,Issue: BLM/Race,0.10227838233458768,0.5779028183571632,0.17698197531782278,0.859726051126268,2020 New hypotheses
new,Issue: BLM/Race,votechoice,Vote choice,2020 Presidential,issue_blm_race,Issue: BLM/Race,-0.09080785654782486,0.14675826468230144,-0.6187580423113029,0.5365614835982417,2020 New hypotheses
new,Issue: COVID-19,favorability,Favorability,2020 Downballot,issue_covid,Issue: COVID-19,-0.8314920479591889,0.35371034511902766,-2.350771074222842,0.02027459248807139,2020 New hypotheses
new,Issue: COVID-19,favorability,Favorability,2020 Presidential,issue_covid,Issue: COVID-19,0.16692621035794228,0.148682709346441,1.1227008916618049,0.2631664604586456,2020 New hypotheses
new,Issue: COVID-19,votechoice,Vote choice,2020 Downballot,issue_covid,Issue: COVID-19,-0.06021129734229561,0.2984040050003576,-0.20177777889483575,0.8403234838747362,2020 New hypotheses
new,Issue: COVID-19,votechoice,Vote choice,2020 Presidential,issue_covid,Issue: COVID-19,-0.0609929073654628,0.13297654937422113,-0.458674162117241,0.646811729732985,2020 New hypotheses
new,Issue: Decency,favorability,Favorability,2020 Downballot,issue_decency,Issue: Decency,1.8960494358473787,0.5010508940195711,3.7841454001543378,2.365897818937869e-4,2020 New hypotheses
new,Issue: Decency,favorability,Favorability,2020 Presidential,issue_decency,Issue: Decency,-0.31819090744349454,0.14268037038296924,-2.2300958890801614,0.02706583691886411,2020 New hypotheses
new,Issue: Decency,votechoice,Vote choice,2020 Downballot,issue_decency,Issue: Decency,0.6020807527840409,0.4353467740673044,1.3829911892053195,0.168419589104293,2020 New hypotheses
new,Issue: Decency,votechoice,Vote choice,2020 Presidential,issue_decency,Issue: Decency,0.06915334542253508,0.12894472536384238,0.5363022428983085,0.5921608145143475,2020 New hypotheses
new,Messenger: Everyday people,favorability,Favorability,2020 Downballot,messenger_every_people,Messenger: Everyday people,0.3563067633794162,0.37059847781166616,0.9614361221431869,0.33815988067859115,2020 New hypotheses
new,Messenger: Everyday people,favorability,Favorability,2020 Presidential,messenger_every_people,Messenger: Everyday people,0.2213741046619961,0.1359455946280991,1.6284021947721097,0.1053134682523646,2020 New hypotheses
new,Messenger: Everyday people,votechoice,Vote choice,2020 Downballot,messenger_every_people,Messenger: Everyday people,-0.12022703286906176,0.310638920458152,-0.38703145340494527,0.6992005024279764,2020 New hypotheses
new,Messenger: Everyday people,votechoice,Vote choice,2020 Presidential,messenger_every_people,Messenger: Everyday people,0.10129549868159075,0.11732955331504603,0.8633417226911142,0.3886630572160499,2020 New hypotheses
new,Messenger: Healthcare worker,favorability,Favorability,2020 Downballot,messenger_healthcare,Messenger: Healthcare worker,-1.0433920388075804,0.7049148464739536,-1.4801674897708843,0.14130502562340633,2020 New hypotheses
new,Messenger: Healthcare worker,favorability,Favorability,2020 Presidential,messenger_healthcare,Messenger: Healthcare worker,0.1762345389103755,0.3863102247958541,0.4561995194497034,0.6488357013472642,2020 New hypotheses
new,Messenger: Healthcare worker,votechoice,Vote choice,2020 Downballot,messenger_healthcare,Messenger: Healthcare worker,0.01344494720962941,0.4926921234037317,0.02728873990667003,0.9782603550790036,2020 New hypotheses
new,Messenger: Healthcare worker,votechoice,Vote choice,2020 Presidential,messenger_healthcare,Messenger: Healthcare worker,0.48364353951769345,0.3626731957756661,1.3335519281575317,0.18339722106389977,2020 New hypotheses
new,Messenger: Republican,favorability,Favorability,2020 Downballot,messenger_republican,Messenger: Republican,2.5634626063426804,1.3407302999628437,1.9119897614111672,0.05812996905113408,2020 New hypotheses
new,Messenger: Republican,favorability,Favorability,2020 Presidential,messenger_republican,Messenger: Republican,-0.09058279966336148,0.24166100359552967,-0.37483416155537774,0.7082565566549481,2020 New hypotheses
new,Messenger: Republican,votechoice,Vote choice,2020 Downballot,messenger_republican,Messenger: Republican,1.656782187599632,0.6335166265763,2.6152150047795013,0.00969099510886247,2020 New hypotheses
new,Messenger: Republican,votechoice,Vote choice,2020 Presidential,messenger_republican,Messenger: Republican,0.22626400449763737,0.19202764332817396,1.1782887118546452,0.2396474706829668,2020 New hypotheses
