term,term_name,metareg_group,year,estimate,conf.low,conf.high
candidate_facts,Candidate facts,primary,2018,0.6031143650216327,0.4980892863374151,0.6891173886439227
candidate_facts,Candidate facts,primary,2020,0.5664179913265178,0.4825929185032537,0.6366625719510688
fact_new_only,New fact (where fact present),primary,2018,0.5906128374115125,0.4669862329850799,0.687381892032694
fact_new_only,New fact (where fact present),primary,2020,0.48271112343477585,0.3625987260918496,0.5787776959602196
policy_facts,Policy facts,primary,2018,0.6790097096828612,0.5940682869496731,0.7485666124469921
policy_facts,Policy facts,primary,2020,0.6623267815177559,0.5970439017775679,0.717033188024328
primary_focus_candidate,Primary focus: Candidate,primary,2018,0.7351016509556123,0.6650034475947814,0.7925037259176145
primary_focus_candidate,Primary focus: Candidate,primary,2020,0.621930432256714,0.5488376645348709,0.6831814475243514
primary_focus_issues,Primary focus: Issues,primary,2018,0.762008474965279,0.6990304368603957,0.8135799830914967
primary_focus_issues,Primary focus: Issues,primary,2020,0.7068666326437353,0.6501947104374983,0.7543571420401012
technique_neg_name,Technique: Negative name-calling,primary,2018,0.6132909592741139,0.5109034062835713,0.6971156937195102
technique_neg_name,Technique: Negative name-calling,primary,2020,0.5534358496073558,0.46710091947165366,0.6257836657961798
technique_neg_testimonial,Technique: Negative testimonial,primary,2018,0.6916420813615091,0.6099992713682685,0.7584830856356468
technique_neg_testimonial,Technique: Negative testimonial,primary,2020,0.7951888631834574,0.755592412880578,0.8283702962805809
technique_neg_transfer,Technique: Negative transfer of association,primary,2018,0.6929291002534681,0.6116270495937899,0.7594911247120779
technique_neg_transfer,Technique: Negative transfer of association,primary,2020,0.4790544738062986,0.37833927853391824,0.5634528097235763
technique_plain_folks,Technique: Plain folks,primary,2018,0.5843770139129084,0.47433402026527893,0.6744692609748246
technique_plain_folks,Technique: Plain folks,primary,2020,0.2301401848786998,0.08130200945789734,0.35486510143679195
technique_pos_name,Technique: Positive name-calling,primary,2018,0.0760744972352512,-0.16854991391394192,0.27634860970805064
technique_pos_name,Technique: Positive name-calling,primary,2020,0.3424893375242034,0.21537179560236508,0.4490125783825776
technique_pos_testimonial,Technique: Positive testimonial,primary,2018,0.8252355240360756,0.7789637663082691,0.8631182323396268
technique_pos_testimonial,Technique: Positive testimonial,primary,2020,0.7377614065213995,0.6870624181969828,0.7802466564948332
technique_pos_transfer,Technique: Positive transfer of association,primary,2018,0.6206549116807987,0.5202170857145947,0.7028834037580307
technique_pos_transfer,Technique: Positive transfer of association,primary,2020,0.4406952842282802,0.3325640481712365,0.5313081888571363
fact_cite_only,Cited fact (where fact present),secondary,2018,0.7391953375149897,0.6609265799087002,0.8006239404065196
fact_cite_only,Cited fact (where fact present),secondary,2020,0.6714502437550375,0.599304275896483,0.7299462537643959
emotion_anger,Emotion: Anger,secondary,2018,0.25947354095298825,0.06351318669779715,0.4199417185271711
emotion_anger,Emotion: Anger,secondary,2020,0.4637837497685473,0.3601162420640973,0.5506560942572298
emotion_enthusiasm,Emotion: Enthusiasm,secondary,2018,0.7597870560533863,0.6962211793485372,0.8118399339403536
emotion_enthusiasm,Emotion: Enthusiasm,secondary,2020,0.8033133414458563,0.7652876089503882,0.835178528580465
explicit_vote_for,Explicit vote for,secondary,2018,0.7281075811950095,0.6561196096030663,0.7870441650443646
explicit_vote_for,Explicit vote for,secondary,2020,0.6193963951109221,0.545813718112325,0.6810579494992619
messenger_female,Messenger: Female,secondary,2018,0.955408770598404,0.9436089044309528,0.9650714548015786
messenger_female,Messenger: Female,secondary,2020,0.9449211343208266,0.9342726529857617,0.9538444561919218
messenger_politician,Messenger: Politician,secondary,2018,0.9315173830485179,0.9133953055532654,0.9463572049123544
messenger_politician,Messenger: Politician,secondary,2020,0.8491561567210125,0.8199932858111072,0.8735943536456166
tone_contrast,Primary tone: Contrast,secondary,2018,0.8326401384431208,0.788328873670309,0.8689177903063674
tone_contrast,Primary tone: Contrast,secondary,2020,0.7516121572790828,0.703590955780904,0.7918534484192492
tone_positive,Primary tone: Positive,secondary,2018,0.8984822097530879,0.8716037118806881,0.9204876477251545
tone_positive,Primary tone: Positive,secondary,2020,0.9305457743031067,0.9171180826312646,0.9417980469045635
production_value_high,Production value: High,secondary,2018,0.7825594798511368,0.7249885403736349,0.8296928331984853
production_value_high,Production value: High,secondary,2020,0.5593347696923063,0.4741402867979748,0.6307269023905426
how_specific_candidate_fact,Specificity: Candidate facts,secondary,2018,0.3444823279484688,-0.06256811016595143,0.5809651687401827
how_specific_candidate_fact,Specificity: Candidate facts,secondary,2020,0.5099078097555385,0.32318493698371564,0.6379005692125252
how_specific_policy_fact,Specificity: Policy facts,secondary,2018,0.5420213518757153,0.35850645350879484,0.6726299582693136
how_specific_policy_fact,Specificity: Policy facts,secondary,2020,0.356293052529449,0.15603992564904923,0.5041842252925877
how_pushy,How pushy,new,2020,0.5308550537861467,0.4401545438610269,0.606861182591498
issue_blm_race,Issue: BLM/Race,new,2020,0.8292400880283932,0.7962268131000658,0.856904885376947
issue_covid,Issue: COVID-19,new,2020,0.8933202148603724,0.8726956488516067,0.9106033968613433
issue_decency,Issue: Decency,new,2020,0.7272636157475514,0.6745350734783264,0.7714496118212426
messenger_every_people,Messenger: Everyday people,new,2020,0.751967844598994,0.704015408674334,0.7921515108697681
messenger_healthcare,Messenger: Healthcare worker,new,2020,0.8806840295796227,0.857616490545736,0.9000143987746748
messenger_republican,Messenger: Republican,new,2020,0.8101599472931019,0.7734578795767454,0.8409159164555149
