dataset,study_id,date,n,n_treatments,n_per_treatment,n_states,has_votechoice,has_favorability,has_age,has_gender,has_education,has_ethnicity,has_ideology,has_partisanship,has_trump_approval,excluding_respondents
2018,X495cbb4fe018,2018-04-09,176,4,34,1,FALSE,TRUE,FALSE,FALSE,FALSE,FALSE,FALSE,FALSE,FALSE,after added/removed
2018,X4cd2c9923737,2018-04-21,4557,5,723,50,TRUE,FALSE,FALSE,FALSE,FALSE,FALSE,FALSE,FALSE,FALSE,
2018,X3c2f80c20258,2018-06-30,801,1,400,1,FALSE,TRUE,FALSE,FALSE,FALSE,FALSE,FALSE,FALSE,FALSE,
2018,X0c2b064a71c5,2018-07-24,1816,2,544,1,FALSE,TRUE,FALSE,FALSE,FALSE,FALSE,FALSE,FALSE,FALSE,
2018,X5a248af8c0f1,2018-09-02,1306,3,274,1,TRUE,TRUE,FALSE,FALSE,FALSE,FALSE,FALSE,FALSE,FALSE,
2018,X9b63b51005a1,2018-09-20,419,3,87,1,FALSE,TRUE,FALSE,FALSE,FALSE,FALSE,FALSE,FALSE,FALSE,
2018,X43915f01925b,2018-09-23,1155,3,245,1,TRUE,TRUE,FALSE,FALSE,FALSE,FALSE,FALSE,FALSE,FALSE,
2018,X0ca4a39fd242,2018-09-25,8854,6,938,50,TRUE,TRUE,FALSE,FALSE,FALSE,FALSE,FALSE,FALSE,FALSE,
2018,X6dc1b2269d4d,2018-09-30,462,3,99,1,FALSE,TRUE,FALSE,FALSE,FALSE,FALSE,FALSE,FALSE,FALSE,
2018,X08b80ae785a7,2018-10-06,433,3,92,1,FALSE,TRUE,FALSE,FALSE,FALSE,FALSE,FALSE,FALSE,FALSE,
2018,Xcbca87b096bc,2018-10-06,530,3,112,1,TRUE,TRUE,FALSE,FALSE,FALSE,FALSE,FALSE,FALSE,FALSE,
2018,X5c1c1e604f1e,2018-10-06,12732,8,1113,50,TRUE,TRUE,FALSE,FALSE,FALSE,FALSE,FALSE,FALSE,FALSE,
2018,Xbf86b7c37550,2018-10-10,2292,5,315,1,TRUE,TRUE,FALSE,FALSE,FALSE,FALSE,FALSE,FALSE,FALSE,
2018,Xc743e344bff5,2018-10-17,11773,10,871,50,TRUE,TRUE,FALSE,FALSE,FALSE,FALSE,FALSE,FALSE,FALSE,
2018,X4d1542866d9e,2018-10-20,11094,9,914,50,TRUE,TRUE,FALSE,FALSE,FALSE,FALSE,FALSE,FALSE,FALSE,
2018,Xf337919542ab,2018-10-21,2571,3,547,1,TRUE,TRUE,FALSE,FALSE,FALSE,FALSE,FALSE,FALSE,FALSE,
2018,Xd503139dae5a,2018-10-22,712,2,206,1,TRUE,TRUE,FALSE,FALSE,FALSE,FALSE,FALSE,FALSE,FALSE,
2018,X96c94303546c,2018-10-22,4610,9,383,1,FALSE,TRUE,FALSE,FALSE,FALSE,FALSE,FALSE,FALSE,FALSE,
2018,Xe1243115280f,2018-10-21,722,2,216,1,FALSE,TRUE,FALSE,FALSE,FALSE,FALSE,FALSE,FALSE,FALSE,
2018,Xbb1e5503bebf,2018-10-24,12031,11,832,50,TRUE,TRUE,FALSE,FALSE,FALSE,FALSE,FALSE,FALSE,FALSE,after treatment added
2018,X52ae33d7915c,2018-10-24,472,2,139,1,FALSE,TRUE,FALSE,FALSE,FALSE,FALSE,FALSE,FALSE,FALSE,
2018,Xd783f4c0b772,2018-10-25,370,2,108,1,FALSE,TRUE,FALSE,FALSE,FALSE,FALSE,FALSE,FALSE,FALSE,
2018,Xc03c2d306034,2018-10-24,749,2,223,1,TRUE,TRUE,FALSE,FALSE,FALSE,FALSE,FALSE,FALSE,FALSE,after treatment added
2018,Xb218652f3e19,2018-10-30,1631,3,344,1,TRUE,TRUE,FALSE,FALSE,FALSE,FALSE,FALSE,FALSE,FALSE,
2018,X6725be1de97c,2018-11-02,540,2,158,1,TRUE,TRUE,FALSE,FALSE,FALSE,FALSE,FALSE,FALSE,FALSE,
2018,Xcd1c7907cdb8,2018-11-01,761,2,225,1,TRUE,TRUE,FALSE,FALSE,FALSE,FALSE,FALSE,FALSE,FALSE,
2018,X201e65ae9067,2018-11-01,528,1,226,1,TRUE,TRUE,FALSE,FALSE,FALSE,FALSE,FALSE,FALSE,FALSE,
2018,X0359e72b4036,2018-11-01,537,2,155,1,TRUE,TRUE,FALSE,FALSE,FALSE,FALSE,FALSE,FALSE,FALSE,
2018,Xf0130cfec75e,2018-11-01,1585,3,315,4,TRUE,TRUE,FALSE,FALSE,FALSE,FALSE,FALSE,FALSE,FALSE,after added/removed
2018,X877266884b5c,2018-11-02,2603,12,169,1,TRUE,TRUE,FALSE,FALSE,FALSE,FALSE,FALSE,FALSE,FALSE,
2018,X5bee0c849477,2018-11-01,2060,3,439,50,TRUE,TRUE,FALSE,FALSE,FALSE,FALSE,FALSE,FALSE,FALSE,
2018,Xd0500f1294c1,2018-11-03,1598,4,263,1,TRUE,TRUE,FALSE,FALSE,FALSE,FALSE,FALSE,FALSE,FALSE,
2018,X3f0cfe830de9,2019-03-15,1489,4,247,1,FALSE,TRUE,FALSE,FALSE,FALSE,FALSE,FALSE,FALSE,FALSE,
2020 Downballot,Xe10e3997a090,2019-12-07,4654,3,970,14,FALSE,TRUE,FALSE,FALSE,FALSE,FALSE,FALSE,FALSE,FALSE,
2020 Downballot,X9d09b5273603,2020-01-16,4732,3,988,14,FALSE,TRUE,FALSE,TRUE,TRUE,FALSE,TRUE,TRUE,TRUE,
2020 Downballot,Xc207f6749db7,2020-02-06,4371,3,675,50,TRUE,FALSE,TRUE,TRUE,FALSE,FALSE,TRUE,TRUE,TRUE,
2020 Presidential,Xe5fca9167903,2020-02-13,8086,8,745,9,TRUE,TRUE,FALSE,TRUE,TRUE,FALSE,TRUE,TRUE,TRUE,
2020 Downballot,X4ac7e3ed36b6,2020-02-14,1354,3,292,1,TRUE,TRUE,TRUE,TRUE,TRUE,FALSE,TRUE,TRUE,TRUE,
2020 Downballot,X61d643d0e3b4,2020-02-16,1196,3,252,1,TRUE,TRUE,TRUE,TRUE,TRUE,FALSE,TRUE,TRUE,TRUE,
2020 Presidential,Xe4ab4974f4be,2020-02-27,6774,7,692,11,TRUE,TRUE,TRUE,TRUE,FALSE,FALSE,TRUE,TRUE,TRUE,
2020 Downballot,Xa9854ba59c90,2020-03-05,5673,5,782,11,TRUE,FALSE,TRUE,TRUE,TRUE,FALSE,TRUE,FALSE,TRUE,
2020 Presidential,X39f5116e55a1,2020-03-19,3846,4,640,1,TRUE,TRUE,TRUE,TRUE,FALSE,FALSE,TRUE,TRUE,TRUE,
2020 Presidential,X493ad50c4528,2020-04-11,3911,4,653,1,TRUE,TRUE,TRUE,TRUE,FALSE,FALSE,TRUE,TRUE,TRUE,
2020 Presidential,Xe8542bf44750,2020-05-03,15008,2,3557,8,TRUE,TRUE,TRUE,TRUE,FALSE,FALSE,TRUE,TRUE,TRUE,
2020 Presidential,Xbebc5dbae712,2020-05-20,4436,6,513,5,TRUE,FALSE,TRUE,TRUE,TRUE,FALSE,TRUE,FALSE,TRUE,
2020 Presidential,X9ed122541d0f,2020-05-27,11401,7,1182,50,TRUE,TRUE,TRUE,TRUE,TRUE,FALSE,TRUE,TRUE,TRUE,
2020 Presidential,Xb08b17d9cc64,2020-05-28,3952,3,835,3,TRUE,TRUE,TRUE,TRUE,FALSE,FALSE,TRUE,TRUE,TRUE,
2020 Presidential,X2381dc490ceb,2020-06-24,4067,2,881,50,TRUE,TRUE,TRUE,TRUE,TRUE,FALSE,TRUE,TRUE,TRUE,
2020 Presidential,Xcac4fba0eb39,2020-07-01,4735,8,435,6,TRUE,FALSE,TRUE,TRUE,TRUE,TRUE,TRUE,TRUE,TRUE,
2020 Presidential,X17dfb74370ef,2020-07-01,6981,6,791,50,TRUE,TRUE,TRUE,TRUE,TRUE,FALSE,TRUE,TRUE,TRUE,
2020 Presidential,X77de84900dcf,2020-07-03,3115,3,656,1,TRUE,TRUE,TRUE,TRUE,FALSE,FALSE,TRUE,TRUE,TRUE,
2020 Presidential,X3bab95a16d3f,2020-07-10,12846,11,899,50,TRUE,TRUE,TRUE,TRUE,TRUE,FALSE,TRUE,TRUE,TRUE,
2020 Presidential,X9075c5776f7b,2020-07-15,4324,8,402,6,TRUE,FALSE,TRUE,TRUE,TRUE,TRUE,TRUE,TRUE,TRUE,
2020 Presidential,Xc6c602d094ef,2020-07-22,6393,4,938,50,TRUE,TRUE,TRUE,TRUE,TRUE,FALSE,TRUE,TRUE,TRUE,
2020 Presidential,X2ac92f4fab06,2020-07-28,4579,5,635,3,TRUE,TRUE,TRUE,TRUE,FALSE,FALSE,TRUE,TRUE,TRUE,
2020 Downballot,Xd54a3e61a37c,2020-07-27,1344,4,226,1,TRUE,TRUE,TRUE,TRUE,TRUE,TRUE,TRUE,TRUE,TRUE,after treatment removed
2020 Presidential,X4e7bf05595bf,2020-07-29,3795,5,528,8,TRUE,TRUE,TRUE,TRUE,TRUE,TRUE,TRUE,TRUE,TRUE,
2020 Presidential,X8eb97376c894,2020-07-28,6850,5,942,50,TRUE,TRUE,TRUE,TRUE,TRUE,FALSE,TRUE,TRUE,TRUE,
2020 Presidential,Xa91760aedac7,2020-08-01,4992,5,687,3,TRUE,TRUE,TRUE,TRUE,FALSE,FALSE,TRUE,TRUE,TRUE,
2020 Downballot,Xbf62992cbc10,2020-08-02,698,2,209,1,TRUE,TRUE,TRUE,TRUE,TRUE,TRUE,TRUE,TRUE,TRUE,
2020 Presidential,X4035b3649f55,2020-08-04,6757,4,1014,50,TRUE,TRUE,TRUE,TRUE,TRUE,FALSE,TRUE,TRUE,TRUE,
2020 Presidential,X5f44bd39b5ef,2020-08-08,4826,8,481,6,TRUE,FALSE,TRUE,TRUE,TRUE,TRUE,TRUE,TRUE,TRUE,
2020 Downballot,X99a1e984b493,2020-08-26,1797,3,377,8,TRUE,TRUE,TRUE,TRUE,TRUE,TRUE,TRUE,TRUE,TRUE,
2020 Downballot,Xd76747117c7f,2020-08-16,1686,4,280,1,TRUE,FALSE,TRUE,TRUE,TRUE,TRUE,TRUE,TRUE,TRUE,
2020 Presidential,Xde82367108c3,2020-08-11,4432,3,885,50,TRUE,TRUE,TRUE,TRUE,TRUE,FALSE,TRUE,TRUE,TRUE,
2020 Presidential,X03cc29d0f06b,2020-08-13,2675,3,568,3,TRUE,TRUE,TRUE,TRUE,FALSE,FALSE,TRUE,TRUE,TRUE,
2020 Downballot,X620ceeae31bd,2020-08-17,775,3,159,50,TRUE,TRUE,TRUE,TRUE,TRUE,TRUE,TRUE,TRUE,TRUE,
2020 Presidential,X29e0b3e3d212,2020-08-16,3144,3,626,2,TRUE,TRUE,TRUE,TRUE,TRUE,FALSE,TRUE,TRUE,TRUE,
2020 Downballot,Xbce30ccbb53c,2020-08-20,754,3,161,1,TRUE,TRUE,TRUE,TRUE,TRUE,TRUE,TRUE,TRUE,TRUE,
2020 Presidential,X371271f59848,2020-08-19,5391,6,672,50,TRUE,TRUE,TRUE,TRUE,TRUE,FALSE,TRUE,TRUE,TRUE,
2020 Downballot,X1ba0c452ca90,2020-08-25,742,3,158,50,TRUE,TRUE,TRUE,TRUE,TRUE,TRUE,TRUE,TRUE,TRUE,
2020 Downballot,Xa8754cc70176,2020-08-29,1691,5,241,1,TRUE,TRUE,TRUE,TRUE,TRUE,TRUE,TRUE,TRUE,TRUE,
2020 Presidential,X84eebdcf94ef,2020-08-28,4776,8,476,6,TRUE,FALSE,TRUE,TRUE,TRUE,TRUE,TRUE,TRUE,TRUE,
2020 Downballot,X3051b9505c0c,2020-09-21,807,3,168,1,TRUE,TRUE,TRUE,FALSE,TRUE,TRUE,TRUE,TRUE,TRUE,
2020 Downballot,X70744a27252a,2020-09-05,966,3,204,50,TRUE,TRUE,TRUE,TRUE,TRUE,TRUE,TRUE,TRUE,TRUE,
2020 Downballot,X6d9559cf9fca,2020-09-06,835,4,138,50,TRUE,TRUE,TRUE,TRUE,TRUE,TRUE,TRUE,TRUE,TRUE,
2020 Downballot,X7f3b23100683,2020-09-07,1988,3,419,1,TRUE,TRUE,TRUE,TRUE,FALSE,FALSE,TRUE,TRUE,TRUE,
2020 Downballot,Xdc7b0fd9df64,2020-09-10,811,2,237,50,TRUE,TRUE,TRUE,TRUE,TRUE,TRUE,TRUE,TRUE,TRUE,
2020 Downballot,Xd5f0eea45635,2020-09-25,675,3,142,50,TRUE,TRUE,FALSE,TRUE,TRUE,TRUE,TRUE,TRUE,TRUE,
2020 Downballot,Xb207ac778630,2020-09-18,820,4,137,1,TRUE,TRUE,TRUE,TRUE,TRUE,FALSE,TRUE,TRUE,TRUE,
2020 Downballot,Xfb6f85b84f14,2020-09-12,1739,4,292,1,TRUE,TRUE,TRUE,TRUE,TRUE,TRUE,TRUE,TRUE,TRUE,
2020 Downballot,X4f0673c63216,2020-09-27,2204,3,465,1,TRUE,TRUE,FALSE,FALSE,TRUE,TRUE,TRUE,TRUE,TRUE,
2020 Downballot,X467e42562cc3,2020-09-12,3223,5,462,3,TRUE,TRUE,TRUE,TRUE,TRUE,TRUE,TRUE,TRUE,TRUE,
2020 Presidential,X67bc71554412,2020-09-13,3712,3,745,50,TRUE,FALSE,TRUE,TRUE,TRUE,FALSE,TRUE,TRUE,TRUE,
2020 Presidential,Xd3b7ef629833,2020-09-16,5471,8,545,6,TRUE,FALSE,TRUE,TRUE,TRUE,TRUE,TRUE,TRUE,TRUE,
2020 Downballot,Xac749d823e04,2020-09-19,639,3,138,1,TRUE,TRUE,TRUE,TRUE,TRUE,TRUE,TRUE,TRUE,TRUE,
2020 Downballot,Xbd63ac3c6221,2020-09-19,2068,3,438,1,TRUE,TRUE,TRUE,TRUE,FALSE,FALSE,TRUE,TRUE,TRUE,
2020 Downballot,X2c27b3c82c5e,2020-09-20,1116,2,323,1,TRUE,TRUE,TRUE,TRUE,TRUE,TRUE,TRUE,TRUE,TRUE,
2020 Presidential,Xa0f9bbb62446,2020-09-24,1776,1,592,2,TRUE,TRUE,FALSE,TRUE,TRUE,TRUE,TRUE,TRUE,TRUE,
2020 Presidential,X00f59679c283,2020-09-19,1838,3,368,50,TRUE,FALSE,TRUE,TRUE,TRUE,FALSE,TRUE,TRUE,TRUE,after treatment added
2020 Presidential,X46cbfb66b14a,2020-09-18,636,1,263,50,TRUE,FALSE,TRUE,TRUE,TRUE,TRUE,TRUE,TRUE,TRUE,
2020 Presidential,Xd9ad8abc5d35,2020-09-20,5393,8,539,6,TRUE,FALSE,TRUE,TRUE,TRUE,TRUE,TRUE,TRUE,TRUE,
2020 Presidential,Xe486b803c7c4,2020-09-20,2466,4,410,6,TRUE,FALSE,FALSE,TRUE,TRUE,TRUE,TRUE,TRUE,TRUE,
2020 Presidential,X51f97f3cb7a9,2020-09-23,6692,5,953,50,TRUE,TRUE,TRUE,TRUE,TRUE,TRUE,TRUE,TRUE,TRUE,
2020 Presidential,X6165ecebc935,2020-09-24,4876,5,699,50,TRUE,FALSE,TRUE,TRUE,TRUE,FALSE,TRUE,TRUE,TRUE,
2020 Downballot,X96ee7ca4f42d,2020-09-26,4949,4,827,1,TRUE,TRUE,TRUE,TRUE,TRUE,TRUE,TRUE,TRUE,TRUE,
2020 Downballot,X96102ce6a0a6,2020-09-26,2878,4,479,1,TRUE,TRUE,TRUE,TRUE,TRUE,TRUE,TRUE,TRUE,TRUE,
2020 Presidential,Xac69a3a198f7,2020-09-25,1201,1,600,6,TRUE,FALSE,TRUE,TRUE,TRUE,TRUE,TRUE,TRUE,TRUE,
2020 Presidential,X95c594fe1042,2020-09-29,5059,4,842,50,TRUE,FALSE,TRUE,TRUE,TRUE,FALSE,TRUE,TRUE,TRUE,
2020 Downballot,X2fe2886d447c,2020-09-30,3913,8,391,10,TRUE,TRUE,FALSE,FALSE,TRUE,TRUE,TRUE,TRUE,TRUE,after treatment added
2020 Presidential,Xda509e35d532,2020-10-07,2301,3,484,50,TRUE,FALSE,FALSE,FALSE,TRUE,TRUE,TRUE,TRUE,TRUE,
2020 Downballot,X805dc7d17075,2020-10-06,2355,4,391,1,TRUE,FALSE,TRUE,TRUE,TRUE,TRUE,TRUE,TRUE,TRUE,
2020 Presidential,Xcb23f4570599,2020-10-06,2662,3,563,50,TRUE,FALSE,FALSE,FALSE,TRUE,TRUE,TRUE,TRUE,TRUE,
2020 Downballot,Xcde61df57a05,2020-10-03,564,3,118,1,TRUE,TRUE,TRUE,TRUE,TRUE,TRUE,TRUE,TRUE,TRUE,
2020 Presidential,X8f444bfb8688,2020-10-02,5835,3,1233,50,TRUE,TRUE,TRUE,TRUE,TRUE,TRUE,TRUE,TRUE,TRUE,
2020 Downballot,Xd7ffbf77d995,2020-10-05,614,5,87,1,TRUE,TRUE,TRUE,TRUE,TRUE,TRUE,TRUE,TRUE,TRUE,after treatment added
2020 Downballot,Xb21b000d7960,2020-10-05,203,2,59,1,FALSE,TRUE,TRUE,TRUE,TRUE,TRUE,TRUE,TRUE,TRUE,after treatment added
2020 Downballot,Xb87a6fcc9dd0,2020-10-04,1388,2,413,1,TRUE,TRUE,TRUE,TRUE,TRUE,TRUE,TRUE,TRUE,TRUE,
2020 Downballot,X4a7bc869dba3,2020-10-03,560,1,279,1,TRUE,TRUE,TRUE,TRUE,TRUE,TRUE,TRUE,TRUE,TRUE,
2020 Downballot,X033ad160abd7,2020-10-04,667,4,110,1,TRUE,TRUE,TRUE,TRUE,TRUE,TRUE,TRUE,TRUE,TRUE,
2020 Downballot,Xb4a2ade86f66,2020-10-05,233,1,113,1,TRUE,TRUE,TRUE,TRUE,TRUE,TRUE,TRUE,TRUE,TRUE,after treatment added
2020 Downballot,Xe9ef1f1fb8ef,2020-10-08,523,2,147,1,TRUE,TRUE,TRUE,TRUE,TRUE,TRUE,TRUE,TRUE,TRUE,
2020 Presidential,X7b2202c3d630,2020-10-08,3040,5,431,4,TRUE,FALSE,TRUE,TRUE,TRUE,TRUE,TRUE,TRUE,TRUE,
2020 Presidential,X37ed37edc29e,2020-10-08,7808,6,972,50,TRUE,TRUE,TRUE,TRUE,TRUE,TRUE,TRUE,TRUE,TRUE,
2020 Presidential,Xb12c1f8ccf08,2020-10-14,5059,3,1070,50,TRUE,FALSE,TRUE,TRUE,TRUE,TRUE,TRUE,TRUE,TRUE,
2020 Presidential,X80c2e207179a,2020-10-10,6789,10,566,6,TRUE,FALSE,FALSE,FALSE,TRUE,TRUE,TRUE,TRUE,TRUE,
2020 Presidential,X6b8d710d7a12,2020-10-15,4860,4,804,50,TRUE,TRUE,TRUE,TRUE,TRUE,TRUE,TRUE,TRUE,TRUE,
2020 Downballot,X818b70255128,2020-10-14,1680,3,353,1,TRUE,TRUE,FALSE,FALSE,TRUE,TRUE,TRUE,TRUE,TRUE,
2020 Downballot,Xd4b78e57e862,2020-10-14,1674,3,357,1,TRUE,TRUE,FALSE,FALSE,TRUE,TRUE,TRUE,TRUE,TRUE,
2020 Presidential,X0f0abe8145e8,2020-10-14,7385,6,922,50,TRUE,FALSE,TRUE,TRUE,TRUE,FALSE,TRUE,TRUE,TRUE,
2020 Presidential,Xc359093d039f,2020-10-15,3061,4,505,10,TRUE,FALSE,FALSE,TRUE,TRUE,FALSE,TRUE,TRUE,TRUE,
2020 Presidential,Xc9457b7f8039,2020-10-16,4908,5,703,3,TRUE,TRUE,FALSE,TRUE,TRUE,TRUE,TRUE,TRUE,TRUE,
2020 Presidential,X603bfe4656f5,2020-10-16,2903,2,773,50,TRUE,TRUE,TRUE,TRUE,TRUE,TRUE,TRUE,TRUE,TRUE,
2020 Presidential,X14c85a139dd6,2020-10-16,6699,7,747,8,TRUE,FALSE,FALSE,TRUE,TRUE,TRUE,TRUE,TRUE,TRUE,
2020 Downballot,X8eabc6f822c6,2020-10-18,1642,5,233,1,TRUE,TRUE,FALSE,TRUE,TRUE,FALSE,TRUE,TRUE,TRUE,
2020 Presidential,X284250c935ca,2020-10-18,8307,9,752,50,TRUE,TRUE,TRUE,TRUE,TRUE,TRUE,TRUE,TRUE,TRUE,
2020 Downballot,X48c00dcea613,2020-10-19,253,3,49,50,TRUE,TRUE,FALSE,FALSE,TRUE,TRUE,TRUE,TRUE,TRUE,after treatment added
2020 Presidential,Xa5e00cbed344,2020-10-21,3961,6,494,10,TRUE,FALSE,FALSE,TRUE,TRUE,FALSE,TRUE,TRUE,TRUE,
2020 Presidential,X769f1c9a0c8c,2020-10-20,6378,7,707,50,TRUE,TRUE,TRUE,TRUE,TRUE,TRUE,TRUE,TRUE,TRUE,
2020 Presidential,Xfe8b4566d11e,2020-10-20,5631,6,701,50,TRUE,TRUE,TRUE,TRUE,TRUE,TRUE,TRUE,TRUE,TRUE,
2020 Presidential,X1bd946eb3686,2020-10-21,5982,6,748,50,TRUE,TRUE,TRUE,TRUE,TRUE,TRUE,TRUE,TRUE,TRUE,
2020 Presidential,X87f354ace18b,2020-10-22,7060,6,879,50,TRUE,TRUE,TRUE,TRUE,TRUE,TRUE,TRUE,TRUE,TRUE,
2020 Presidential,X86e782d62c2e,2020-10-22,5445,5,775,50,TRUE,TRUE,TRUE,TRUE,TRUE,TRUE,TRUE,TRUE,TRUE,
2020 Presidential,X3f36c1eb8e50,2020-10-24,5303,5,759,50,TRUE,TRUE,TRUE,TRUE,TRUE,TRUE,TRUE,TRUE,TRUE,
2020 Downballot,Xc24349f28ce7,2020-10-24,1850,4,307,1,TRUE,TRUE,FALSE,TRUE,TRUE,FALSE,TRUE,TRUE,TRUE,
2020 Downballot,Xf76ffe03051e,2020-11-18,2876,4,481,1,TRUE,FALSE,FALSE,TRUE,TRUE,TRUE,TRUE,TRUE,FALSE,
2020 Downballot,X56c1e861bf4a,2020-11-27,2785,4,464,1,TRUE,FALSE,FALSE,TRUE,TRUE,TRUE,TRUE,TRUE,FALSE,
2020 Downballot,Xc6520141bbcf,2020-12-02,2440,8,241,1,TRUE,FALSE,FALSE,TRUE,TRUE,TRUE,TRUE,TRUE,FALSE,
2020 Downballot,X3b305caa5847,2020-12-03,2855,6,357,1,TRUE,FALSE,FALSE,TRUE,TRUE,TRUE,TRUE,TRUE,FALSE,
2020 Downballot,X0b29d31bb747,2020-12-06,3338,4,561,1,TRUE,FALSE,FALSE,TRUE,TRUE,TRUE,TRUE,TRUE,FALSE,
2020 Downballot,X80e36e0e4fe3,2020-12-08,1972,2,573,1,TRUE,FALSE,FALSE,TRUE,TRUE,TRUE,TRUE,TRUE,FALSE,
2020 Downballot,Xe7db07728484,2020-12-09,2027,4,332,1,TRUE,FALSE,FALSE,TRUE,TRUE,TRUE,TRUE,TRUE,FALSE,
2020 Downballot,X7572bae2e47c,2020-12-10,2058,2,503,1,TRUE,FALSE,FALSE,TRUE,TRUE,TRUE,TRUE,TRUE,FALSE,
2020 Downballot,X0d38ddbcda23,2020-12-16,2785,4,467,1,TRUE,FALSE,FALSE,TRUE,TRUE,TRUE,TRUE,TRUE,FALSE,
2020 Downballot,X38974a4c2046,2020-12-25,1521,2,384,1,TRUE,FALSE,FALSE,TRUE,TRUE,TRUE,TRUE,TRUE,FALSE,
2020 Downballot,X113182778c3f,2020-12-22,1821,2,460,1,TRUE,FALSE,FALSE,TRUE,TRUE,TRUE,TRUE,TRUE,FALSE,
