quantity,value
n_studies,146
n_advertisements,617
n_treatments,618
n_responses_analysed,498340
n_responses_collected,607450
n_studies_treatment_changed_2018,4
n_studies_treatment_changed_2020,7
mu_votechoice_2018,2.273721710242862
mu_votechoice_2020d,1.184117022923569
mu_votechoice_2020p,0.8471255911222335
tau_votechoice_2018,1.416255630793307
tau_votechoice_2020d,0.4712281664370279
tau_votechoice_2020p,0.34298697672770573
p_votechoice_2020d,0.05406948742947892
tau_over_mu_deposited,0.508715010711059
tau_over_mu_mean_of_six,0.5198956841184801
tau_over_mu_mean_votechoice,0.47524021032682534
largest_tau_in_sd_units,0.02832511261586614
icc_pushy_single_rater,0.2229826530218696
icc_messenger_female_single_rater_2020,0.910926785201003
icc_messenger_female_single_rater_2018,0.883967692620588
attrition_studies_2020,22
attrition_rate_2020,0.0500927625199907
attrition_significant_studies_2020,1
optimal_share_min_at_051,0.09376875
optimal_share_max_at_051,0.135075
optimal_share_min_at_101,0.11890555555555556
optimal_share_max_at_101,0.17015
dollars_per_vote_gap_small_large_at_051,48.6468730431954
simulation_n_sims,10000
simulation_cost_per_ad,15000
simulation_cost_per_subject,2.5
simulation_cost_per_vote,200
simulation_mu,0.0155
simulation_budget_min,500000
simulation_budget_max,5000000
omnibus_r2_favorability_min,0.11968131886512756
omnibus_r2_favorability_max,0.3423836345596831
omnibus_r2_votechoice_min,-0.08107667662009743
omnibus_r2_votechoice_max,0.39164765312002847
