term,term_name,metareg_group,year,spec,estimate,conf.low,conf.high
candidate_facts,Candidate facts,primary,2018,ICC(1),0.2459152588861996,0.15784521409936403,0.3375120932021089
candidate_facts,Candidate facts,primary,2018,"ICC(A,1)",0.2983023585098862,0.2108178898923346,0.38781765799101753
candidate_facts,Candidate facts,primary,2018,"ICC(A,k)",0.5576659846391917,0.43219122517869346,0.6574247568895893
candidate_facts,Candidate facts,primary,2018,"ICC(C,1)",0.3388033985349974,0.2507281099966942,0.427736142472945
candidate_facts,Candidate facts,primary,2018,"ICC(C,k)",0.6031143650216327,0.4980892863374151,0.6891173886439227
candidate_facts,Candidate facts,primary,2018,ICC(k),0.4916438168416192,0.35726400729564345,0.6017324612109719
candidate_facts,Candidate facts,primary,2020,ICC(1),0.3436270738054294,0.26350739456068606,0.41904505817537135
candidate_facts,Candidate facts,primary,2020,"ICC(A,1)",0.3852341488284232,0.3095128592561027,0.4563764182696955
candidate_facts,Candidate facts,primary,2020,"ICC(A,k)",0.5562007681578442,0.4725872617515745,0.6268044756541759
candidate_facts,Candidate facts,primary,2020,"ICC(C,1)",0.395106793960559,0.31803787156919794,0.4669882589977706
candidate_facts,Candidate facts,primary,2020,"ICC(C,k)",0.5664179913265178,0.4825929185032537,0.6366625719510688
candidate_facts,Candidate facts,primary,2020,ICC(k),0.5114917383023647,0.41710463380755447,0.5906014833865607
fact_cite_only,Cited fact (where fact present),secondary,2018,ICC(1),0.5509945979701066,0.45906829955994277,0.6340137028234283
fact_cite_only,Cited fact (where fact present),secondary,2018,"ICC(A,1)",0.5273174623743774,0.4345372870197519,0.6122458585006944
fact_cite_only,Cited fact (where fact present),secondary,2018,"ICC(A,k)",0.7291826357401872,0.6494752978355971,0.7922427459602615
fact_cite_only,Cited fact (where fact present),secondary,2018,"ICC(C,1)",0.5400862069562883,0.44678364437964224,0.6245949444547021
fact_cite_only,Cited fact (where fact present),secondary,2018,"ICC(C,k)",0.7391953375149897,0.6609265799087002,0.8006239404065196
fact_cite_only,Cited fact (where fact present),secondary,2018,ICC(k),0.7475882899661186,0.671947548789483,0.8069909657066776
fact_cite_only,Cited fact (where fact present),secondary,2020,ICC(1),0.5148879053181612,0.4347882278602576,0.5855473979890449
fact_cite_only,Cited fact (where fact present),secondary,2020,"ICC(A,1)",0.5280818915700385,0.45085942306605004,0.5963632095678506
fact_cite_only,Cited fact (where fact present),secondary,2020,"ICC(A,k)",0.6656370095417266,0.593641975306393,0.724379740667501
fact_cite_only,Cited fact (where fact present),secondary,2020,"ICC(C,1)",0.5346145994902739,0.4567324143522812,0.603071240189005
fact_cite_only,Cited fact (where fact present),secondary,2020,"ICC(C,k)",0.6714502437550375,0.599304275896483,0.7299462537643959
fact_cite_only,Cited fact (where fact present),secondary,2020,ICC(k),0.6537673537440615,0.5777954482495997,0.7153802024819603
emotion_anger,Emotion: Anger,secondary,2018,ICC(1),0.10246782429363195,0.019413377438496533,0.19285273225092084
emotion_anger,Emotion: Anger,secondary,2018,"ICC(A,1)",0.10404595787258834,0.02212940943505739,0.19338427702212835
emotion_anger,Emotion: Anger,secondary,2018,"ICC(A,k)",0.2561708988422314,0.06312670755965931,0.41543199382628226
emotion_anger,Emotion: Anger,secondary,2018,"ICC(C,1)",0.10566596197544084,0.02235759680933147,0.1962178816572204
emotion_anger,Emotion: Anger,secondary,2018,"ICC(C,k)",0.25947354095298825,0.06351318669779715,0.4199417185271711
emotion_anger,Emotion: Anger,secondary,2018,ICC(k),0.25293678228694505,0.05545671567033217,0.4147193662721851
emotion_anger,Emotion: Anger,secondary,2020,ICC(1),0.2886951671961041,0.20583346568032015,0.3674534786126617
emotion_anger,Emotion: Anger,secondary,2020,"ICC(A,1)",0.2986382110654456,0.21724284929834392,0.37606272173646793
emotion_anger,Emotion: Anger,secondary,2020,"ICC(A,k)",0.4599251870471807,0.3570371885236937,0.5465218545548378
emotion_anger,Emotion: Anger,secondary,2020,"ICC(C,1)",0.30190004154602046,0.21959863942879115,0.37993473603839084
emotion_anger,Emotion: Anger,secondary,2020,"ICC(C,k)",0.4637837497685473,0.3601162420640973,0.5506560942572298
emotion_anger,Emotion: Anger,secondary,2020,ICC(k),0.4480426008335804,0.34139617374807363,0.5374273923899167
emotion_enthusiasm,Emotion: Enthusiasm,secondary,2018,ICC(1),0.5193629285822203,0.43950979875172214,0.5955461164169699
emotion_enthusiasm,Emotion: Enthusiasm,secondary,2018,"ICC(A,1)",0.5126321914970957,0.43278007447178646,0.5891142980362655
emotion_enthusiasm,Emotion: Enthusiasm,secondary,2018,"ICC(A,k)",0.7572441328753505,0.693515845698413,0.8095935156784714
emotion_enthusiasm,Emotion: Enthusiasm,secondary,2018,"ICC(C,1)",0.5161000579331094,0.43592367944952704,0.5926473530133373
emotion_enthusiasm,Emotion: Enthusiasm,secondary,2018,"ICC(C,k)",0.7597870560533863,0.6962211793485372,0.8118399339403536
emotion_enthusiasm,Emotion: Enthusiasm,secondary,2018,ICC(k),0.7621639958115863,0.6992939885118867,0.813669306754502
emotion_enthusiasm,Emotion: Enthusiasm,secondary,2020,ICC(1),0.6628374444331496,0.6103833535408203,0.709507511706152
emotion_enthusiasm,Emotion: Enthusiasm,secondary,2020,"ICC(A,1)",0.6705984992639742,0.6191908627481569,0.716301118614214
emotion_enthusiasm,Emotion: Enthusiasm,secondary,2020,"ICC(A,k)",0.8028242567671693,0.764823115674405,0.8346986427451889
emotion_enthusiasm,Emotion: Enthusiasm,secondary,2020,"ICC(C,1)",0.6712812712531053,0.619810422652216,0.7170013165731369
emotion_enthusiasm,Emotion: Enthusiasm,secondary,2020,"ICC(C,k)",0.8033133414458563,0.7652876089503882,0.835178528580465
emotion_enthusiasm,Emotion: Enthusiasm,secondary,2020,ICC(k),0.7972366110135396,0.7580596908167783,0.8300724119053882
explicit_vote_for,Explicit vote for,secondary,2018,ICC(1),0.45420721250361157,0.3700728955123102,0.5361192253697166
explicit_vote_for,Explicit vote for,secondary,2018,"ICC(A,1)",0.4653035668949699,0.3828282140151164,0.5455879301395531
explicit_vote_for,Explicit vote for,secondary,2018,"ICC(A,k)",0.7203954239795836,0.6472416125902019,0.780555119177528
explicit_vote_for,Explicit vote for,secondary,2018,"ICC(C,1)",0.4749233856247173,0.391887801995097,0.5552155261400017
explicit_vote_for,Explicit vote for,secondary,2018,"ICC(C,k)",0.7281075811950095,0.6561196096030663,0.7870441650443646
explicit_vote_for,Explicit vote for,secondary,2018,ICC(k),0.7113084094307814,0.6349539407758611,0.7738469329114774
explicit_vote_for,Explicit vote for,secondary,2020,ICC(1),0.30539646016223176,0.22330774248009605,0.3831906406856972
explicit_vote_for,Explicit vote for,secondary,2020,"ICC(A,1)",0.42279783423243195,0.3495631815376867,0.49116437441757016
explicit_vote_for,Explicit vote for,secondary,2020,"ICC(A,k)",0.5943189173611894,0.5164141358003966,0.6597344820164058
explicit_vote_for,Explicit vote for,secondary,2020,"ICC(C,1)",0.44864173388905965,0.37533961426441587,0.516366848142189
explicit_vote_for,Explicit vote for,secondary,2020,"ICC(C,k)",0.6193963951109221,0.545813718112325,0.6810579494992619
explicit_vote_for,Explicit vote for,secondary,2020,ICC(k),0.46789840402091754,0.3650884151642314,0.5540677176585519
how_pushy,How pushy,new,2020,ICC(1),0.22298265302186962,0.13758876937868633,0.30509347695849254
how_pushy,How pushy,new,2020,"ICC(A,1)",0.3301411550484279,0.2529612579955412,0.40366229692842576
how_pushy,How pushy,new,2020,"ICC(A,k)",0.49640018098140587,0.4004820437909975,0.5771440913388985
how_pushy,How pushy,new,2020,"ICC(C,1)",0.36133606500448995,0.2821783030676161,0.4356071161094865
how_pushy,How pushy,new,2020,"ICC(C,k)",0.5308550537861467,0.4401545438610269,0.606861182591498
how_pushy,How pushy,new,2020,ICC(k),0.3646538280341123,0.24189544250482153,0.4675427198816592
issue_blm_race,Issue: BLM/Race,new,2020,ICC(1),0.7085510507647104,0.6617622265604961,0.7498453634000737
issue_blm_race,Issue: BLM/Race,new,2020,"ICC(A,1)",0.7073301235189667,0.6605293802039129,0.7486773216524678
issue_blm_race,Issue: BLM/Race,new,2020,"ICC(A,k)",0.8285803826398768,0.7955720413541544,0.8562741677691434
issue_blm_race,Issue: BLM/Race,new,2020,"ICC(C,1)",0.7082921780537561,0.6614425555951958,0.7496356815937577
issue_blm_race,Issue: BLM/Race,new,2020,"ICC(C,k)",0.8292400880283932,0.7962268131000658,0.856904885376947
issue_blm_race,Issue: BLM/Race,new,2020,ICC(k),0.8294174768118029,0.7964583813295684,0.8570418610511628
issue_covid,Issue: COVID-19,new,2020,ICC(1),0.808877689474704,0.7760843437279862,0.837310648263731
issue_covid,Issue: COVID-19,new,2020,"ICC(A,1)",0.8047156397787135,0.7715320488054189,0.8335635069877274
issue_covid,Issue: COVID-19,new,2020,"ICC(A,k)",0.8917921716214353,0.871035675346794,0.9092266849274455
issue_covid,Issue: COVID-19,new,2020,"ICC(C,1)",0.8072074929494297,0.774143777554469,0.8358786820500514
issue_covid,Issue: COVID-19,new,2020,"ICC(C,k)",0.8933202148603724,0.8726956488516067,0.9106033968613433
issue_covid,Issue: COVID-19,new,2020,ICC(k),0.8943420488641232,0.8739273520073846,0.9114524525887817
issue_decency,Issue: Decency,new,2020,ICC(1),0.5618127889906429,0.4983829967307572,0.6192648568720421
issue_decency,Issue: Decency,new,2020,"ICC(A,1)",0.56733028923448,0.5050571082704081,0.623813092487249
issue_decency,Issue: Decency,new,2020,"ICC(A,k)",0.7239447781125664,0.6711648988670389,0.7683204496727953
issue_decency,Issue: Decency,new,2020,"ICC(C,1)",0.57141732156476,0.5089045058690933,0.6279348565953932
issue_decency,Issue: Decency,new,2020,"ICC(C,k)",0.7272636157475514,0.6745350734783264,0.7714496118212426
issue_decency,Issue: Decency,new,2020,ICC(k),0.7194367890324771,0.6652277793036263,0.7648716073147974
messenger_every_people,Messenger: Everyday people,new,2020,ICC(1),0.5641853932584299,0.5009893137070417,0.6214017903204762
messenger_every_people,Messenger: Everyday people,new,2020,"ICC(A,1)",0.5948650991504882,0.535625651885216,0.6483916027382834
messenger_every_people,Messenger: Everyday people,new,2020,"ICC(A,k)",0.745975442646962,0.697563213140915,0.7867173996220509
messenger_every_people,Messenger: Everyday people,new,2020,"ICC(C,1)",0.6025228126893724,0.5432282246150741,0.6558368189376087
messenger_every_people,Messenger: Everyday people,new,2020,"ICC(C,k)",0.751967844598994,0.704015408674334,0.7921515108697681
messenger_every_people,Messenger: Everyday people,new,2020,ICC(k),0.721379186495468,0.667545477015732,0.7664994500809743
messenger_female,Messenger: Female,secondary,2018,ICC(1),0.883967692620588,0.8562185247838517,0.9075557919493821
messenger_female,Messenger: Female,secondary,2018,"ICC(A,1)",0.8775447079069449,0.8485076433737125,0.9023040810005634
messenger_female,Messenger: Female,secondary,2018,"ICC(A,k)",0.9550611119803148,0.9432161579137343,0.964776199374496
messenger_female,Messenger: Female,secondary,2018,"ICC(C,1)",0.8784157098155294,0.8494521467748963,0.9030697225108664
messenger_female,Messenger: Female,secondary,2018,"ICC(C,k)",0.955408770598404,0.9436089044309528,0.9650714548015786
messenger_female,Messenger: Female,secondary,2018,ICC(k),0.9576146129303902,0.9464103816637233,0.966793511423516
messenger_female,Messenger: Female,secondary,2020,ICC(1),0.910926785201003,0.8946232887515442,0.9248091315006097
messenger_female,Messenger: Female,secondary,2020,"ICC(A,1)",0.8938671299147443,0.874770144313014,0.9102075779897021
messenger_female,Messenger: Female,secondary,2020,"ICC(A,k)",0.9439597063548837,0.9332026561461068,0.9529933097855154
messenger_female,Messenger: Female,secondary,2020,"ICC(C,1)",0.8955928936293911,0.8766526031289688,0.9117616035564485
messenger_female,Messenger: Female,secondary,2020,"ICC(C,k)",0.9449211343208266,0.9342726529857617,0.9538444561919218
messenger_female,Messenger: Female,secondary,2020,ICC(k),0.9533874267246573,0.9443811802197927,0.9609359352733482
messenger_healthcare,Messenger: Healthcare worker,new,2020,ICC(1),0.8008023319576317,0.7668020207562053,0.8303239591217386
messenger_healthcare,Messenger: Healthcare worker,new,2020,"ICC(A,1)",0.7850966715181782,0.7489851958538201,0.8165848133699735
messenger_healthcare,Messenger: Healthcare worker,new,2020,"ICC(A,k)",0.8796124983533512,0.8564839365151934,0.8990304938381656
messenger_healthcare,Messenger: Healthcare worker,new,2020,"ICC(C,1)",0.7868055605861386,0.7507255518380459,0.8182056181209163
messenger_healthcare,Messenger: Healthcare worker,new,2020,"ICC(C,k)",0.8806840295796227,0.857616490545736,0.9000143987746748
messenger_healthcare,Messenger: Healthcare worker,new,2020,ICC(k),0.8893839348676194,0.8680112562108209,0.9072972628519387
messenger_politician,Messenger: Politician,secondary,2018,ICC(1),0.8252261554676008,0.7855916332757803,0.8595515198020092
messenger_politician,Messenger: Politician,secondary,2018,"ICC(A,1)",0.819070716216674,0.7784229853221546,0.8543897698037503
messenger_politician,Messenger: Politician,secondary,2018,"ICC(A,k)",0.9306781958298869,0.9124234400474769,0.9456559252941039
messenger_politician,Messenger: Politician,secondary,2018,"ICC(C,1)",0.8210011311089653,0.7805243823474566,0.8560894598893871
messenger_politician,Messenger: Politician,secondary,2018,"ICC(C,k)",0.9315173830485179,0.9133953055532654,0.9463572049123544
messenger_politician,Messenger: Politician,secondary,2018,ICC(k),0.9333456044156523,0.915726058749113,0.9477801530534786
messenger_politician,Messenger: Politician,secondary,2020,ICC(1),0.7310000779483989,0.6871552906871231,0.7695427019181553
messenger_politician,Messenger: Politician,secondary,2020,"ICC(A,1)",0.7359022879883491,0.6929562850799103,0.7736781747901771
messenger_politician,Messenger: Politician,secondary,2020,"ICC(A,k)",0.8478614183303482,0.818641383792724,0.872395721472093
messenger_politician,Messenger: Politician,secondary,2020,"ICC(C,1)",0.7378552369899242,0.6949056102403198,0.7755592813947696
messenger_politician,Messenger: Politician,secondary,2020,"ICC(C,k)",0.8491561567210125,0.8199932858111072,0.8735943536456166
messenger_politician,Messenger: Politician,secondary,2020,ICC(k),0.8445985500067551,0.8145726649824477,0.8697644889654074
messenger_republican,Messenger: Republican,new,2020,ICC(1),0.6834646162519388,0.6335123226168714,0.7277469473948571
messenger_republican,Messenger: Republican,new,2020,"ICC(A,1)",0.6801264704458346,0.6298893940392281,0.724716378929178
messenger_republican,Messenger: Republican,new,2020,"ICC(A,k)",0.8096134218578888,0.7729307615934439,0.840384409203703
messenger_republican,Messenger: Republican,new,2020,"ICC(C,1)",0.6808981975770442,0.6306003411524432,0.7255003570439772
messenger_republican,Messenger: Republican,new,2020,"ICC(C,k)",0.8101599472931019,0.7734578795767454,0.8409159164555149
messenger_republican,Messenger: Republican,new,2020,ICC(k),0.811973842103795,0.7756443754302271,0.8424230741569805
fact_new_only,New fact (where fact present),primary,2018,ICC(1),0.40392565593104507,0.2974415379733614,0.5042154352574578
fact_new_only,New fact (where fact present),primary,2018,"ICC(A,1)",0.36476837490493913,0.2591957064757866,0.46629039837476527
fact_new_only,New fact (where fact present),primary,2018,"ICC(A,k)",0.5776273065369077,0.454188511663823,0.6755597029390329
fact_new_only,New fact (where fact present),primary,2018,"ICC(C,1)",0.3772426076575382,0.26893839606814135,0.4800455457105313
fact_new_only,New fact (where fact present),primary,2018,"ICC(C,k)",0.5906128374115125,0.4669862329850799,0.687381892032694
fact_new_only,New fact (where fact present),primary,2018,ICC(k),0.6174251095745594,0.5020642354203809,0.7077807620554614
fact_new_only,New fact (where fact present),primary,2020,ICC(1),0.31907915158116956,0.2136119758991086,0.41416913525580445
fact_new_only,New fact (where fact present),primary,2020,"ICC(A,1)",0.34059113873275876,0.24040087957894496,0.4313569634319692
fact_new_only,New fact (where fact present),primary,2020,"ICC(A,k)",0.4722011437886684,0.35419868274641503,0.567775075587912
fact_new_only,New fact (where fact present),primary,2020,"ICC(C,1)",0.3501149675327706,0.2472276244751094,0.44235913211587735
fact_new_only,New fact (where fact present),primary,2020,"ICC(C,k)",0.48271112343477585,0.3625987260918496,0.5787776959602196
fact_new_only,New fact (where fact present),primary,2020,ICC(k),0.4480244197676649,0.3199637581700434,0.5504760006737794
policy_facts,Policy facts,primary,2018,ICC(1),0.388607553972755,0.30178391038873936,0.47493133751986993
policy_facts,Policy facts,primary,2018,"ICC(A,1)",0.4015477491396219,0.3166629775482215,0.4859545563491109
policy_facts,Policy facts,primary,2018,"ICC(A,k)",0.6655373660896973,0.5780145023408065,0.7374868314830254
policy_facts,Policy facts,primary,2018,"ICC(C,1)",0.4163281016188163,0.33042121588644013,0.5009730477118663
policy_facts,Policy facts,primary,2018,"ICC(C,k)",0.6790097096828612,0.5940682869496731,0.7485666124469921
policy_facts,Policy facts,primary,2018,ICC(k),0.6533779653169562,0.5617512583971074,0.7284417713077145
policy_facts,Policy facts,primary,2020,ICC(1),0.47756976333451195,0.40657879106555317,0.542834050098138
policy_facts,Policy facts,primary,2020,"ICC(A,1)",0.48937851503802987,0.42032243641830697,0.5529341476752394
policy_facts,Policy facts,primary,2020,"ICC(A,k)",0.6571580160407162,0.5918810443732655,0.7121082768539764
policy_facts,Policy facts,primary,2020,"ICC(C,1)",0.49513346934556085,0.4255613575749321,0.5588867781545737
policy_facts,Policy facts,primary,2020,"ICC(C,k)",0.6623267815177559,0.5970439017775679,0.717033188024328
policy_facts,Policy facts,primary,2020,ICC(k),0.6464260100406418,0.5781102255317665,0.7036843010609066
primary_focus_candidate,Primary focus: Candidate,primary,2018,ICC(1),0.43870050884057715,0.3538683826818841,0.5217212583719029
primary_focus_candidate,Primary focus: Candidate,primary,2018,"ICC(A,1)",0.4612919181359968,0.37796617744149397,0.5422881073468286
primary_focus_candidate,Primary focus: Candidate,primary,2018,"ICC(A,k)",0.7174701516576685,0.6417297590352423,0.7791229812386209
primary_focus_candidate,Primary focus: Candidate,primary,2018,"ICC(C,1)",0.48339928426148865,0.4009717170103235,0.5629132687026491
primary_focus_candidate,Primary focus: Candidate,primary,2018,"ICC(C,k)",0.7351016509556123,0.6650034475947814,0.7925037259176145
primary_focus_candidate,Primary focus: Candidate,primary,2018,ICC(k),0.6986025711929049,0.6189306198671438,0.7638726228870417
primary_focus_candidate,Primary focus: Candidate,primary,2020,ICC(1),0.4324479894745539,0.3579897256288942,0.5014471476547926
primary_focus_candidate,Primary focus: Candidate,primary,2020,"ICC(A,1)",0.44612752329335525,0.3736708473725776,0.5133152931960605
primary_focus_candidate,Primary focus: Candidate,primary,2020,"ICC(A,k)",0.6169961031892424,0.5440769795141904,0.6783806822302824
primary_focus_candidate,Primary focus: Candidate,primary,2020,"ICC(C,1)",0.45130554132704737,0.37820556055085075,0.51881213720748
primary_focus_candidate,Primary focus: Candidate,primary,2020,"ICC(C,k)",0.621930432256714,0.5488376645348709,0.6831814475243514
primary_focus_candidate,Primary focus: Candidate,primary,2020,ICC(k),0.603788748564872,0.5272348072635185,0.6679517803048016
primary_focus_issues,Primary focus: Issues,primary,2018,ICC(1),0.4473967157189002,0.36299523278085016,0.5297696060205409
primary_focus_issues,Primary focus: Issues,primary,2018,"ICC(A,1)",0.48904760541410836,0.4053519876354425,0.569093959988453
primary_focus_issues,Primary focus: Issues,primary,2018,"ICC(A,k)",0.7394811009550742,0.6668706093973358,0.7976541357522163
primary_focus_issues,Primary focus: Issues,primary,2018,"ICC(C,1)",0.5191488070538053,0.43920115389617487,0.5954042228226036
primary_focus_issues,Primary focus: Issues,primary,2018,"ICC(C,k)",0.762008474965279,0.6990304368603957,0.8135799830914967
primary_focus_issues,Primary focus: Issues,primary,2018,ICC(k),0.7059708960199391,0.6282467012470305,0.7696452773586148
primary_focus_issues,Primary focus: Issues,primary,2020,ICC(1),0.5386447743417397,0.4729929401006389,0.5983532935814706
primary_focus_issues,Primary focus: Issues,primary,2020,"ICC(A,1)",0.5390556396487336,0.4744402920475089,0.5980313303292422
primary_focus_issues,Primary focus: Issues,primary,2020,"ICC(A,k)",0.7005018217168094,0.6435216467033066,0.7484786954439998
primary_focus_issues,Primary focus: Issues,primary,2020,"ICC(C,1)",0.5466308816150051,0.481695186309604,0.6055966501309851
primary_focus_issues,Primary focus: Issues,primary,2020,"ICC(C,k)",0.7068666326437353,0.6501947104374983,0.7543571420401012
primary_focus_issues,Primary focus: Issues,primary,2020,ICC(k),0.7001548158796845,0.6422202404694795,0.7487121852024659
tone_contrast,Primary tone: Contrast,secondary,2018,ICC(1),0.6260472534857252,0.5562103534554804,0.6904490859322201
tone_contrast,Primary tone: Contrast,secondary,2018,"ICC(A,1)",0.6259680676933382,0.5562751488476158,0.690283984181933
tone_contrast,Primary tone: Contrast,secondary,2018,"ICC(A,k)",0.8320730559512233,0.7877723327924525,0.8683946877218595
tone_contrast,Primary tone: Contrast,secondary,2018,"ICC(C,1)",0.6269190855773338,0.5571117937793028,0.6912545119241837
tone_contrast,Primary tone: Contrast,secondary,2018,"ICC(C,k)",0.8326401384431208,0.788328873670309,0.8689177903063674
tone_contrast,Primary tone: Contrast,secondary,2018,ICC(k),0.8321203098860829,0.7877187237112774,0.8684876592827875
tone_contrast,Primary tone: Contrast,secondary,2020,ICC(1),0.6183515482695787,0.5608045363241465,0.6699571576716252
tone_contrast,Primary tone: Contrast,secondary,2020,"ICC(A,1)",0.6001299229120618,0.5409268423763977,0.6534608813651953
tone_contrast,Primary tone: Contrast,secondary,2020,"ICC(A,k)",0.7501014940335481,0.7020981220621666,0.7904051346351346
tone_contrast,Primary tone: Contrast,secondary,2020,"ICC(C,1)",0.6020662261824902,0.5427229614899196,0.6554283065934181
tone_contrast,Primary tone: Contrast,secondary,2020,"ICC(C,k)",0.7516121572790828,0.703590955780904,0.7918534484192492
tone_contrast,Primary tone: Contrast,secondary,2020,ICC(k),0.764174568783588,0.718609567402845,0.8023644853329386
tone_positive,Primary tone: Positive,secondary,2018,ICC(1),0.7537359807363364,0.7014793374956042,0.8000183519950943
tone_positive,Primary tone: Positive,secondary,2018,"ICC(A,1)",0.7433741457690075,0.689666391074648,0.791158197508022
tone_positive,Primary tone: Positive,secondary,2018,"ICC(A,k)",0.8955765380568543,0.8680435792137301,0.9181535344565055
tone_positive,Primary tone: Positive,secondary,2018,"ICC(C,1)",0.7493295637637908,0.6963084836614268,0.7963373844068403
tone_positive,Primary tone: Positive,secondary,2018,"ICC(C,k)",0.8984822097530879,0.8716037118806881,0.9204876477251545
tone_positive,Primary tone: Positive,secondary,2018,ICC(k),0.9006144901441077,0.8743285571798584,0.9221441198416981
tone_positive,Primary tone: Positive,secondary,2020,ICC(1),0.8712185908191259,0.8482243740478491,0.8909363776128499
tone_positive,Primary tone: Positive,secondary,2020,"ICC(A,1)",0.8686499303548715,0.8453699798853312,0.8886544363643775
tone_positive,Primary tone: Positive,secondary,2020,"ICC(A,k)",0.9297085732798629,0.9162076790771801,0.941044333370872
tone_positive,Primary tone: Positive,secondary,2020,"ICC(C,1)",0.8701127658799337,0.8469234437488293,0.8899984016752472
tone_positive,Primary tone: Positive,secondary,2020,"ICC(C,k)",0.9305457743031067,0.9171180826312646,0.9417980469045635
tone_positive,Primary tone: Positive,secondary,2020,ICC(k),0.9311777844594308,0.9178803028012542,0.9423229550827967
production_value_high,Production value: High,secondary,2018,ICC(1),0.5098933975612109,0.42926211175815676,0.5870274896043172
production_value_high,Production value: High,secondary,2018,"ICC(A,1)",0.5262962103857783,0.44639643365005816,0.6021371886778145
production_value_high,Production value: High,secondary,2018,"ICC(A,k)",0.7668689193613889,0.7037399594221027,0.8180526435586616
production_value_high,Production value: High,secondary,2018,"ICC(C,1)",0.5486484980305153,0.4710100627594743,0.6219936408776633
production_value_high,Production value: High,secondary,2018,"ICC(C,k)",0.7825594798511368,0.7249885403736349,0.8296928331984853
production_value_high,Production value: High,secondary,2018,ICC(k),0.7549171677113969,0.6900965423549668,0.8080088370308097
production_value_high,Production value: High,secondary,2020,ICC(1),0.30288461538462036,0.2206762670051318,0.3808266814936721
production_value_high,Production value: High,secondary,2020,"ICC(A,1)",0.37334441623708536,0.29753014498363656,0.4448437297085852
production_value_high,Production value: High,secondary,2020,"ICC(A,k)",0.5437010728307117,0.4580917469109199,0.6160774871762351
production_value_high,Production value: High,secondary,2020,"ICC(C,1)",0.3882475664196081,0.3107364869100506,0.4606290034410929
production_value_high,Production value: High,secondary,2020,"ICC(C,k)",0.5593347696923063,0.4741402867979748,0.6307269023905426
production_value_high,Production value: High,secondary,2020,ICC(k),0.4649446494465003,0.3615639510163493,0.5515922984363586
how_specific_candidate_fact,Specificity: Candidate facts,secondary,2018,ICC(1),0.2997503981647344,0.010763992063885225,0.5104074627403784
how_specific_candidate_fact,Specificity: Candidate facts,secondary,2018,"ICC(A,1)",0.23804229707824995,-0.028696221657232315,0.4484305855264941
how_specific_candidate_fact,Specificity: Candidate facts,secondary,2018,"ICC(A,k)",0.3199191461313667,-0.04138791614479602,0.5496824815717052
how_specific_candidate_fact,Specificity: Candidate facts,secondary,2018,"ICC(C,1)",0.25871046531642156,-0.04069717080100962,0.4793710887192537
how_specific_candidate_fact,Specificity: Candidate facts,secondary,2018,"ICC(C,k)",0.3444823279484688,-0.06256811016595143,0.5809651687401827
how_specific_candidate_fact,Specificity: Candidate facts,secondary,2018,ICC(k),0.39193460016140547,0.016120254271776324,0.6108615478645609
how_specific_candidate_fact,Specificity: Candidate facts,secondary,2020,ICC(1),0.4072686967027057,0.23305749426794053,0.5408780675537053
how_specific_candidate_fact,Specificity: Candidate facts,secondary,2020,"ICC(A,1)",0.40764820652497763,0.2438267254111973,0.5362374543457641
how_specific_candidate_fact,Specificity: Candidate facts,secondary,2020,"ICC(A,k)",0.4944162933963106,0.31476078133830404,0.6214295746016409
how_specific_candidate_fact,Specificity: Candidate facts,secondary,2020,"ICC(C,1)",0.422693996101361,0.25151778684041887,0.5535199788562785
how_specific_candidate_fact,Specificity: Candidate facts,secondary,2020,"ICC(C,k)",0.5099078097555385,0.32318493698371564,0.6379005692125252
how_specific_candidate_fact,Specificity: Candidate facts,secondary,2020,ICC(k),0.49402337455971457,0.3015840118117219,0.626033680261002
how_specific_policy_fact,Specificity: Policy facts,secondary,2018,ICC(1),0.331362540165352,0.17217163403561142,0.4727598620701635
how_specific_policy_fact,Specificity: Policy facts,secondary,2018,"ICC(A,1)",0.36451923863891655,0.2152015520151307,0.4977829511792165
how_specific_policy_fact,Specificity: Policy facts,secondary,2018,"ICC(A,k)",0.5285918714297334,0.34928160538092545,0.6594635487807888
how_specific_policy_fact,Specificity: Policy facts,secondary,2018,"ICC(C,1)",0.37711492617742226,0.2223286454561256,0.5124497525186077
how_specific_policy_fact,Specificity: Policy facts,secondary,2018,"ICC(C,k)",0.5420213518757153,0.35850645350879484,0.6726299582693136
how_specific_policy_fact,Specificity: Policy facts,secondary,2018,ICC(k),0.4920671508390907,0.28904656880491764,0.6367362420117488
how_specific_policy_fact,Specificity: Policy facts,secondary,2020,ICC(1),0.2527878606443872,0.09669549878552221,0.3861314338424878
how_specific_policy_fact,Specificity: Policy facts,secondary,2020,"ICC(A,1)",0.25312214174240333,0.10317857830701625,0.38280691826273194
how_specific_policy_fact,Specificity: Policy facts,secondary,2020,"ICC(A,k)",0.3471523863328161,0.15341459041020947,0.4929662270225173
how_specific_policy_fact,Specificity: Policy facts,secondary,2020,"ICC(C,1)",0.26077591763078856,0.10541613991338719,0.3932402124295214
how_specific_policy_fact,Specificity: Policy facts,secondary,2020,"ICC(C,k)",0.356293052529449,0.15603992564904923,0.5041842252925877
how_specific_policy_fact,Specificity: Policy facts,secondary,2020,ICC(k),0.3467515784184188,0.1438045936212754,0.49671169363312995
technique_neg_name,Technique: Negative name-calling,primary,2018,ICC(1),0.345181312724574,0.25718779692479704,0.4338484501519279
technique_neg_name,Technique: Negative name-calling,primary,2018,"ICC(A,1)",0.3481165364729878,0.260353906377799,0.43651370799414557
technique_neg_name,Technique: Negative name-calling,primary,2018,"ICC(A,k)",0.6125644195713608,0.5103742817032403,0.6963538213215839
technique_neg_name,Technique: Negative name-calling,primary,2018,"ICC(C,1)",0.3488118079767513,0.26080042402908366,0.43737249731884575
technique_neg_name,Technique: Negative name-calling,primary,2018,"ICC(C,k)",0.6132909592741139,0.5109034062835713,0.6971156937195102
technique_neg_name,Technique: Negative name-calling,primary,2018,ICC(k),0.609484170009758,0.5061987620716601,0.694080618958182
technique_neg_name,Technique: Negative name-calling,primary,2020,ICC(1),0.36520577996089126,0.2863210239643678,0.43917923875311415
technique_neg_name,Technique: Negative name-calling,primary,2020,"ICC(A,1)",0.37649227469467433,0.299670192151529,0.4486639534910902
technique_neg_name,Technique: Negative name-calling,primary,2020,"ICC(A,k)",0.5470314387026773,0.4611759733333903,0.6194010059864147
technique_neg_name,Technique: Negative name-calling,primary,2020,"ICC(C,1)",0.382586454570394,0.3047173329314396,0.4553749291291463
technique_neg_name,Technique: Negative name-calling,primary,2020,"ICC(C,k)",0.5534358496073558,0.46710091947165366,0.6257836657961798
technique_neg_name,Technique: Negative name-calling,primary,2020,ICC(k),0.5350193872917139,0.4451781765673747,0.610319030357349
technique_neg_testimonial,Technique: Negative testimonial,primary,2018,ICC(1),0.41719003502413365,0.3313067857966408,0.5017870283694966
technique_neg_testimonial,Technique: Negative testimonial,primary,2018,"ICC(A,1)",0.42620839210559236,0.34151543539617074,0.5096045365027291
technique_neg_testimonial,Technique: Negative testimonial,primary,2018,"ICC(A,k)",0.68742217892417,0.6055921918902684,0.7547106630966391
technique_neg_testimonial,Technique: Negative testimonial,primary,2018,"ICC(C,1)",0.4310359841371141,0.3456707628552266,0.51473272361492
technique_neg_testimonial,Technique: Negative testimonial,primary,2018,"ICC(C,k)",0.6916420813615091,0.6099992713682685,0.7584830856356468
technique_neg_testimonial,Technique: Negative testimonial,primary,2018,ICC(k),0.6794213195226977,0.5946332078853724,0.7488674620199911
technique_neg_testimonial,Technique: Negative testimonial,primary,2020,ICC(1),0.6321020318171001,0.5760852881130913,0.6822134349097062
technique_neg_testimonial,Technique: Negative testimonial,primary,2020,"ICC(A,1)",0.6491211611769405,0.5956701778745919,0.6969315433029379
technique_neg_testimonial,Technique: Negative testimonial,primary,2020,"ICC(A,k)",0.7872328321997608,0.7464934253128582,0.8214698703247157
technique_neg_testimonial,Technique: Negative testimonial,primary,2020,"ICC(C,1)",0.6600112157699464,0.6071904580955163,0.7070239800603061
technique_neg_testimonial,Technique: Negative testimonial,primary,2020,"ICC(C,k)",0.7951888631834574,0.755592412880578,0.8283702962805809
technique_neg_testimonial,Technique: Negative testimonial,primary,2020,ICC(k),0.7745864161609426,0.7310331394600957,0.8110902228602453
technique_neg_transfer,Technique: Negative transfer of association,primary,2018,ICC(1),0.4312239940975206,0.34594999634744816,0.5148497862963731
technique_neg_transfer,Technique: Negative transfer of association,primary,2018,"ICC(A,1)",0.4282349859727729,0.34355780013285997,0.5115440896409879
technique_neg_transfer,Technique: Negative transfer of association,primary,2018,"ICC(A,k)",0.6891989568804348,0.6077712206239952,0.7561373569871752
technique_neg_transfer,Technique: Negative transfer of association,primary,2018,"ICC(C,1)",0.43251826420132905,0.34722116961775246,0.5161090759229883
technique_neg_transfer,Technique: Negative transfer of association,primary,2018,"ICC(C,k)",0.6929291002534681,0.6116270495937899,0.7594911247120779
technique_neg_transfer,Technique: Negative transfer of association,primary,2018,ICC(k),0.6918055491874687,0.6102928750988773,0.7585689275759999
technique_neg_transfer,Technique: Negative transfer of association,primary,2020,ICC(1),0.29050164473684204,0.20772100691265713,0.36915785000966617
technique_neg_transfer,Technique: Negative transfer of association,primary,2020,"ICC(A,1)",0.30712051053739997,0.22725652031365778,0.38319371961085624
technique_neg_transfer,Technique: Negative transfer of association,primary,2020,"ICC(A,k)",0.4699191972913541,0.37032029225830276,0.5540879715586481
technique_neg_transfer,Technique: Negative transfer of association,primary,2020,"ICC(C,1)",0.3149714868521124,0.23330359644641088,0.3922271496108355
technique_neg_transfer,Technique: Negative transfer of association,primary,2020,"ICC(C,k)",0.4790544738062986,0.37833927853391824,0.5634528097235763
technique_neg_transfer,Technique: Negative transfer of association,primary,2020,ICC(k),0.4502150708937389,0.3439883975251241,0.5392480494591035
technique_plain_folks,Technique: Plain folks,primary,2018,ICC(1),0.263050644247447,0.17467165616592292,0.3544439832645818
technique_plain_folks,Technique: Plain folks,primary,2018,"ICC(A,1)",0.2902954444994554,0.20425925446806711,0.3789415239076545
technique_plain_folks,Technique: Plain folks,primary,2018,"ICC(A,k)",0.5477251265866748,0.424980264477546,0.647065595449995
technique_plain_folks,Technique: Plain folks,primary,2018,"ICC(C,1)",0.3219848253997752,0.23358329872488623,0.4116947369266074
technique_plain_folks,Technique: Plain folks,primary,2018,"ICC(C,k)",0.5843770139129084,0.47433402026527893,0.6744692609748246
technique_plain_folks,Technique: Plain folks,primary,2018,ICC(k),0.5138115943090769,0.3852222671675489,0.6191333494921523
technique_plain_folks,Technique: Plain folks,primary,2020,ICC(1),0.11348783531716522,0.025647575447169224,0.19959673737327732
technique_plain_folks,Technique: Plain folks,primary,2020,"ICC(A,1)",0.12747330828607906,0.041685957233559855,0.2116861755194594
technique_plain_folks,Technique: Plain folks,primary,2020,"ICC(A,k)",0.22612208617134671,0.08022870852865839,0.3492926143111386
technique_plain_folks,Technique: Plain folks,primary,2020,"ICC(C,1)",0.13003300199961135,0.04237353135233466,0.21570577692243734
technique_plain_folks,Technique: Plain folks,primary,2020,"ICC(C,k)",0.2301401848786998,0.08130200945789734,0.35486510143679195
technique_plain_folks,Technique: Plain folks,primary,2020,ICC(k),0.2038420748168109,0.05001245273940658,0.3327730580700454
technique_pos_name,Technique: Positive name-calling,primary,2018,ICC(1),0.026809518511715896,-0.051370222979296915,0.11391989476787727
technique_pos_name,Technique: Positive name-calling,primary,2018,"ICC(A,1)",0.02704299121133831,-0.05117020181421361,0.11417913757643817
technique_pos_name,Technique: Positive name-calling,primary,2018,"ICC(A,k)",0.07603510063617362,-0.1683294673920082,0.27618302273803436
technique_pos_name,Technique: Positive name-calling,primary,2018,"ICC(C,1)",0.027057746558922346,-0.05121228069876022,0.11424656530487289
technique_pos_name,Technique: Positive name-calling,primary,2018,"ICC(C,k)",0.0760744972352512,-0.16854991391394192,0.27634860970805064
technique_pos_name,Technique: Positive name-calling,primary,2018,ICC(k),0.07541144311433344,-0.16912795564760552,0.27570270570624866
technique_pos_name,Technique: Positive name-calling,primary,2020,ICC(1),0.18044431011032358,0.09383934974508776,0.2643463677041696
technique_pos_name,Technique: Positive name-calling,primary,2020,"ICC(A,1)",0.2042588672328357,0.11937658600191711,0.28634656377461964
technique_pos_name,Technique: Positive name-calling,primary,2020,"ICC(A,k)",0.33922750795629986,0.21342541274314145,0.445129603986508
technique_pos_name,Technique: Positive name-calling,primary,2020,"ICC(C,1)",0.20662873867286782,0.12068160475759118,0.2895011088576927
technique_pos_name,Technique: Positive name-calling,primary,2020,"ICC(C,k)",0.3424893375242034,0.21537179560236508,0.4490125783825776
technique_pos_name,Technique: Positive name-calling,primary,2020,ICC(k),0.305722698758164,0.17157793741275884,0.4181549841981609
technique_pos_testimonial,Technique: Positive testimonial,primary,2018,ICC(1),0.6110394424991542,0.5395357859286964,0.6772917213459042
technique_pos_testimonial,Technique: Positive testimonial,primary,2018,"ICC(A,1)",0.6089764563160879,0.537754278074935,0.6751540328991067
technique_pos_testimonial,Technique: Positive testimonial,primary,2018,"ICC(A,k)",0.8217786656512989,0.7749683653910442,0.8602218645448705
technique_pos_testimonial,Technique: Positive testimonial,primary,2018,"ICC(C,1)",0.6146252706748518,0.543441409391664,0.6804849022624888
technique_pos_testimonial,Technique: Positive testimonial,primary,2018,"ICC(C,k)",0.8252355240360756,0.7789637663082691,0.8631182323396268
technique_pos_testimonial,Technique: Positive testimonial,primary,2018,ICC(k),0.8230451724635593,0.7762433525496939,0.8613784457504264
technique_pos_testimonial,Technique: Positive testimonial,primary,2020,ICC(1),0.5865624152134747,0.5256270942905233,0.6415143142715486
technique_pos_testimonial,Technique: Positive testimonial,primary,2020,"ICC(A,1)",0.5834690184984556,0.522398690129983,0.6386132825333577
technique_pos_testimonial,Technique: Positive testimonial,primary,2020,"ICC(A,k)",0.7369503434323424,0.6862994095593462,0.7794465125293978
technique_pos_testimonial,Technique: Positive testimonial,primary,2020,"ICC(C,1)",0.584486491169791,0.5233016616475101,0.639675767768476
technique_pos_testimonial,Technique: Positive testimonial,primary,2020,"ICC(C,k)",0.7377614065213995,0.6870624181969828,0.7802466564948332
technique_pos_testimonial,Technique: Positive testimonial,primary,2020,ICC(k),0.7394129718301082,0.6890636594717279,0.7816128177429048
technique_pos_transfer,Technique: Positive transfer of association,primary,2018,ICC(1),0.3507376855148462,0.26284723242227775,0.43914586994117566
technique_pos_transfer,Technique: Positive transfer of association,primary,2018,"ICC(A,1)",0.3467593472322854,0.26042966803119055,0.4340970103160293
technique_pos_transfer,Technique: Positive transfer of association,primary,2018,"ICC(A,k)",0.6111427964898238,0.5100813890643325,0.694463674780485
technique_pos_transfer,Technique: Positive transfer of association,primary,2018,"ICC(C,1)",0.3559229434467041,0.26805355150749766,0.4441424653086191
technique_pos_transfer,Technique: Positive transfer of association,primary,2018,"ICC(C,k)",0.6206549116807987,0.5202170857145947,0.7028834037580307
technique_pos_transfer,Technique: Positive transfer of association,primary,2018,ICC(k),0.6152973202322449,0.513549400779953,0.6986344812638682
technique_pos_transfer,Technique: Positive transfer of association,primary,2020,ICC(1),0.2723833035917927,0.18881749880031154,0.35203960668840667
technique_pos_transfer,Technique: Positive transfer of association,primary,2020,"ICC(A,1)",0.27863862951632196,0.19664496919937083,0.3569593431978332
technique_pos_transfer,Technique: Positive transfer of association,primary,2020,"ICC(A,k)",0.4358364014416242,0.3287621529054743,0.5260562226578418
technique_pos_transfer,Technique: Positive transfer of association,primary,2020,"ICC(C,1)",0.28262294070609184,0.199446370222794,0.3617560776373488
technique_pos_transfer,Technique: Positive transfer of association,primary,2020,"ICC(C,k)",0.4406952842282802,0.3325640481712365,0.5313081888571363
technique_pos_transfer,Technique: Positive transfer of association,primary,2020,ICC(k),0.42814661717563535,0.3176559883932658,0.5207533935350732
