member,bytes,md5
__MACOSX/._replication_archive,221,ee5a2779a36569e4be8647b2febbfca3
__MACOSX/replication_archive/.Rproj.user/._DB736CFB,221,82d7462b6f410dd9ba1054a2ef41852b
__MACOSX/replication_archive/.Rproj.user/._shared,221,856311c75ec5400de8613b264c389679
__MACOSX/replication_archive/.Rproj.user/DB736CFB/._bibliography-index,221,fd3934fe57763d265ba58ee2e1f513e4
__MACOSX/replication_archive/.Rproj.user/DB736CFB/._ctx,221,478b7afd5945a92e6c81e52b85c54ccd
__MACOSX/replication_archive/.Rproj.user/DB736CFB/._explorer-cache,221,fbd9545876a604295c97fa3c7a624c53
__MACOSX/replication_archive/.Rproj.user/DB736CFB/._pcs,221,727c5abe76553f7c84873e8291a30a9a
__MACOSX/replication_archive/.Rproj.user/DB736CFB/._presentation,221,959c8db0f91e6e6ed7252ea13ad19c5a
__MACOSX/replication_archive/.Rproj.user/DB736CFB/._profiles-cache,221,86f292943368814f7bba3ceb801d812c
__MACOSX/replication_archive/.Rproj.user/DB736CFB/._rmd-outputs,220,c139f11f012edd0d9ef37749bf200fd1
__MACOSX/replication_archive/.Rproj.user/DB736CFB/._saved_source_markers,221,da51f2edb999fb9364b4dfd8243750de
__MACOSX/replication_archive/.Rproj.user/DB736CFB/._sources,221,95192c96520178a3b5ad3fe712781906
__MACOSX/replication_archive/.Rproj.user/DB736CFB/._tutorial,220,0d8c6d6a3b793ef99f860b80603ff1e7
__MACOSX/replication_archive/.Rproj.user/DB736CFB/._viewer-cache,221,be4d6ca56303cd071422a26e2ac3308c
__MACOSX/replication_archive/.Rproj.user/DB736CFB/pcs/._files-pane.pper,221,c959f3fc67896a38b23906a9ecb0aa15
__MACOSX/replication_archive/.Rproj.user/DB736CFB/pcs/._source-pane.pper,221,48c7b9659a15ab506b137c8edb0eea9c
__MACOSX/replication_archive/.Rproj.user/DB736CFB/pcs/._windowlayoutstate.pper,221,0569b1bfb3811972544ce847f6e32328
__MACOSX/replication_archive/.Rproj.user/DB736CFB/pcs/._workbench-pane.pper,221,0cf911871fce72605636f6bc201dc072
__MACOSX/replication_archive/.Rproj.user/DB736CFB/sources/._per,221,85284bc5de67995e989b2c43e37a77fc
__MACOSX/replication_archive/.Rproj.user/DB736CFB/sources/._prop,221,4995fc0c26bd3e247c126fd2bf429c82
__MACOSX/replication_archive/.Rproj.user/DB736CFB/sources/per/._t,221,a68f77902b19bef58c9290ffab32d099
__MACOSX/replication_archive/.Rproj.user/DB736CFB/sources/per/._u,221,2996391d70be0bdecf964e54a89d2031
__MACOSX/replication_archive/.Rproj.user/DB736CFB/sources/per/t/._712D8C7A,221,8b49457b85295c2f849c7e52e867828e
__MACOSX/replication_archive/.Rproj.user/DB736CFB/sources/per/t/._712D8C7A-contents,221,d07b569559898e04871c9c1f83792a4c
__MACOSX/replication_archive/.Rproj.user/DB736CFB/sources/prop/._1619626F,221,181e35b572ac896f6c200c9998667098
__MACOSX/replication_archive/.Rproj.user/DB736CFB/sources/prop/._38CEC343,221,f77841a698a88dbdfdc5aab2b1d5db43
__MACOSX/replication_archive/.Rproj.user/DB736CFB/sources/prop/._71562360,221,de3c726ca1a6a0d296fbbd0568afefa4
__MACOSX/replication_archive/.Rproj.user/DB736CFB/sources/prop/._854ED384,221,035e28b632a3489f52294303106a1157
__MACOSX/replication_archive/.Rproj.user/DB736CFB/sources/prop/._8E24C0FE,221,cf600e446c634603653d12e561e45d78
__MACOSX/replication_archive/.Rproj.user/DB736CFB/sources/prop/._INDEX,221,9c25f778fd694f448d1d79b4c9fb34a7
__MACOSX/replication_archive/.Rproj.user/shared/._notebooks,220,e508ac04116253ad8528e8b7939003d1
__MACOSX/replication_archive/.Rproj.user/shared/notebooks/._patch-chunk-names,221,4728acb0d240261b6c774d213e2b07bb
__MACOSX/replication_archive/.Rproj.user/shared/notebooks/._paths,220,c45e56709f43cac6df0f329078511170
__MACOSX/replication_archive/._.DS_Store,120,b9a94cc8f4aac450fb21641eaf065c6d
__MACOSX/replication_archive/._.Rhistory,221,614b09f1dd24e5f48a44ec01f9fd8a5b
__MACOSX/replication_archive/._.Rproj.user,221,f879d6062b0ada08fb49688b62c77238
__MACOSX/replication_archive/._README.R,221,5fb66cd8eb6d5c7f72a3b20795837f60
__MACOSX/replication_archive/._analysis_scripts,221,1d65c52f0a1a97578aaf74b65da55752
__MACOSX/replication_archive/._definitions.R,221,c1ee6b3a7540654be799da4550b0f81e
__MACOSX/replication_archive/._hewitt_etal_2023_dataverse_appendix.pdf,334,8a4808879397fbf8aee6f42004a42509
__MACOSX/replication_archive/._hewitt_etal_2023_online_appendix.pdf,334,697ff53dd85b7d36a14fa2ceb1e24d20
__MACOSX/replication_archive/._libraries.R,221,c7356e8c0f9f930335b69affe6c90e39
__MACOSX/replication_archive/._make_all_plots_and_tables.R,221,334b3a53a8147c134e9139f7cbe667de
__MACOSX/replication_archive/._output,221,4e20302bcc5144af3f32e2cdb0c271e1
__MACOSX/replication_archive/._plotting_scripts,221,ef28cecf2346d4e79f8c652a652845ad
__MACOSX/replication_archive/._replication_archive.Rproj,221,e4790b04487e3b85478afd5b2d0e4dcb
__MACOSX/replication_archive/analysis_scripts/._.Rhistory,221,042eaf564648cfece3dab503e5f289ff
__MACOSX/replication_archive/analysis_scripts/._1_clean_source_data.R,221,63fa9ed1ffd378d50eab7fea8f981c4e
__MACOSX/replication_archive/analysis_scripts/._2_regressions.R,221,a2e5a5068744963f48bd5b6bd3e4964e
__MACOSX/replication_archive/analysis_scripts/._4_metaregressions.R,221,c0f8f2bd355fae01cb2fb826e226c3d7
__MACOSX/replication_archive/analysis_scripts/._function_simulate_votes.R,221,8c763925e643ba72c9cb2969b9a5d792
__MACOSX/replication_archive/analysis_scripts/._randomization_checks,221,1889038dfc649bedf23e9e51a5a12851
__MACOSX/replication_archive/analysis_scripts/._sims_for_optimal_spend.R,221,930ba77ca80ebc4c0a39daca6e7da08c
__MACOSX/replication_archive/analysis_scripts/randomization_checks/._2_missingness.R,221,019c4e57d01a43dbc6363eae6ef28be5
__MACOSX/replication_archive/analysis_scripts/randomization_checks/._3_balance.R,221,1a8b9a032ec26cf5bb6530b420b0e7cd
__MACOSX/replication_archive/output/._.DS_Store,120,b9a94cc8f4aac450fb21641eaf065c6d
__MACOSX/replication_archive/output/._paper,221,ed14cb4c053b1dcac45a36ce92b0b320
__MACOSX/replication_archive/output/._processed_data,221,240218a8741e76a91359f8ad79f10ddf
__MACOSX/replication_archive/output/processed_data/._.Rapp.history,221,7cd46cbf4f7b9aea1a1afe5dc3eafe49
__MACOSX/replication_archive/output/processed_data/._attrition_data.RDS,221,235ebc410f09e11ae2ffaaeb6b6449f2
__MACOSX/replication_archive/output/processed_data/._balance_checks.rds,221,3a370da18e292f39cd9b3b8ab166a86c
__MACOSX/replication_archive/output/processed_data/._icc_2018.RDS,221,018f3e9d52e772049bf92eb37b42905c
__MACOSX/replication_archive/output/processed_data/._icc_2020.RDS,221,b62d74f4b13c9d68746d81e242bcea52
__MACOSX/replication_archive/output/processed_data/._missingness_results.RDS,221,8d61ba5e4969f4c15eab5c246fdfd937
__MACOSX/replication_archive/output/processed_data/._regression_ates.RDS,221,bcc1bbcd7ca4194650137ae0af281c9a
__MACOSX/replication_archive/output/processed_data/._regression_ates_subgroup.RDS,221,03ccf159ad566649d1037387bc0e3ae0
__MACOSX/replication_archive/output/processed_data/._regression_fits.RDS,221,d70717473bdbd44edd166254f404cadd
__MACOSX/replication_archive/output/processed_data/._regression_fits_ipw.RDS,221,5cd32b4bbf859db14db8efbca0c69938
__MACOSX/replication_archive/output/processed_data/._regression_fits_subgroup.RDS,221,f9c42ca8810840862779959fd3b4e992
__MACOSX/replication_archive/output/processed_data/._responses.RDS,221,2795a7cf8a8f40662ed8c96e14f3dc88
__MACOSX/replication_archive/output/processed_data/._sims_df.csv,221,a72ff7490c2f9d3bd0678548b7e9a506
__MACOSX/replication_archive/output/processed_data/._studies.RDS,221,cde9a575116d55466ce3e86962fe6dd7
__MACOSX/replication_archive/output/processed_data/._tagging_2018.RDS,221,4e8cfc8fc0fbdd17162423711adb4c93
__MACOSX/replication_archive/output/processed_data/._tagging_2020.RDS,221,608a147cce2ebfe2d217bc06e4c1f376
__MACOSX/replication_archive/output/processed_data/._tau_over_mu_stats.csv,221,98e800d89a0bfbb3727ef1c5f5fb4ddd
__MACOSX/replication_archive/output/processed_data/._tidied_metaregs.rds,221,7abd249aec62e37fe54901d61cbed4f2
__MACOSX/replication_archive/output/processed_data/._tidied_metaregs_ipw.rds,221,980794027c73ccd9cad7bb871ae95fc3
__MACOSX/replication_archive/output/processed_data/._tidied_metaregs_subgroup.rds,221,1c9a8761968f0e9aa8c819e07478d3ef
__MACOSX/replication_archive/plotting_scripts/._.Rhistory,221,c4c1ba0669f3994eb41280486840fbb5
__MACOSX/replication_archive/plotting_scripts/._Figure1_raw_estimates.R,220,78a8f8a0a565c5dbb260e0a128f3d10c
__MACOSX/replication_archive/plotting_scripts/._Figure2_distribution.R,221,1ff50c3ab002ab44964946829e1b83b0
__MACOSX/replication_archive/plotting_scripts/._Figure3_results_matrix.R,221,c224d3c1dcb5ef6cbb4fc44295b0e92e
__MACOSX/replication_archive/plotting_scripts/._Figure4_returns_to_exp.R,221,86d2a0d0ff228b591b3bf6175d4cc307
__MACOSX/replication_archive/plotting_scripts/._Table1_studies_summary.R,221,373c09840256162e4f0cfb31f0278371
__MACOSX/replication_archive/plotting_scripts/._Table2_effects_summary.R,221,db5892b973d57e654be2f07842e613a7
__MACOSX/replication_archive/plotting_scripts/._appendix_attrition.R,221,d7b739ce723799a7461a4fc3fc0d1887
__MACOSX/replication_archive/plotting_scripts/._appendix_bad_beliefs.R,221,0d2c38d585218ba2b78c9d739abb8dce
__MACOSX/replication_archive/plotting_scripts/._appendix_balance.R,220,371860bf6a050999cf3c56e17f847bbf
__MACOSX/replication_archive/plotting_scripts/._appendix_demographics.R,221,6424862d216e144db455d0eb74731b62
__MACOSX/replication_archive/plotting_scripts/._appendix_features.R,221,91658dde135eb051454830f3b0750246
__MACOSX/replication_archive/plotting_scripts/._appendix_figure_OA14.R,221,c960a0cfcfdffa03f02f1e79fe122a9f
__MACOSX/replication_archive/plotting_scripts/._appendix_in_cycle_generalization,221,6435dd88a49f7fe927a8628600351d66
__MACOSX/replication_archive/plotting_scripts/._appendix_metaregressions.R,221,db2c96e4ba28146f45b4b60fa9722b1f
__MACOSX/replication_archive/plotting_scripts/._appendix_reliability.R,221,4264f919ca847d32cf408362bb46ce63
__MACOSX/replication_archive/plotting_scripts/._appendix_robustness.R,221,d9735f79fa957e43ece33d05c140e2ef
__MACOSX/replication_archive/plotting_scripts/._appendix_sd_simulation.R,221,8bb0f05e6c37a0e993ae0c6364e419c9
__MACOSX/replication_archive/plotting_scripts/._appendix_tau_from_experiment_100_times.R,221,3c245208f4be80446184ce6ae7edfb7e
__MACOSX/replication_archive/plotting_scripts/appendix_in_cycle_generalization/._hewitt_tappin_rankhet,221,70a9bd3d7f535a8ad34c929fd39de168
__MACOSX/replication_archive/plotting_scripts/appendix_in_cycle_generalization/._tappin_et_al_targeting,221,2d50f6ba45f041485b0888f8d4853451
__MACOSX/replication_archive/plotting_scripts/appendix_in_cycle_generalization/._treatment_corrs.R,221,5a1950c4f5c9e395c6158d27189d2283
__MACOSX/replication_archive/plotting_scripts/appendix_in_cycle_generalization/._wittenberg_et_al_pnas,221,145ccc3f1c6379273279d18b57a4cc8a
__MACOSX/replication_archive/plotting_scripts/appendix_in_cycle_generalization/hewitt_tappin_rankhet/._data_prepared__immigration_clean.rds,221,f81b9524959bafc4c69a2080bb00c235
__MACOSX/replication_archive/plotting_scripts/appendix_in_cycle_generalization/hewitt_tappin_rankhet/._data_prepared__ubi_against_clean.rds,221,d91916f0079ca88231198a718c985dff
__MACOSX/replication_archive/plotting_scripts/appendix_in_cycle_generalization/tappin_et_al_targeting/._data_prepared__imm_clean.rds,221,735403246306f5dac7f1cdf9cac1af98
__MACOSX/replication_archive/plotting_scripts/appendix_in_cycle_generalization/tappin_et_al_targeting/._data_prepared__peoria_clean.rds,221,92f70a49f01605dc7899e4fe4caa0aa8
__MACOSX/replication_archive/plotting_scripts/appendix_in_cycle_generalization/tappin_et_al_targeting/._data_prepared__ubi_clean.rds,221,f494df7af5cf7de1c4f0bb340d43532c
__MACOSX/replication_archive/plotting_scripts/appendix_in_cycle_generalization/wittenberg_et_al_pnas/._data_prepared__peoria_clean.rds,221,b4ed0a27a373ffe3be8c77fb6370f2e7
replication_archive/.DS_Store,6148,b5c72d6c23b456fe6cb06e7c2c9a3526
replication_archive/.Rhistory,18038,46ca67f0f56416c6596d307303f96204
replication_archive/.Rproj.user/DB736CFB/pcs/files-pane.pper,200,826b0d2e2e2f98de251d3ccf6f2622a5
replication_archive/.Rproj.user/DB736CFB/pcs/source-pane.pper,22,9b000247162eee275e73028c01845db8
replication_archive/.Rproj.user/DB736CFB/pcs/windowlayoutstate.pper,285,f0be45e7b562ee4ff78ac3b935b8a07a
replication_archive/.Rproj.user/DB736CFB/pcs/workbench-pane.pper,57,c70340c1ec506f20ee2684f9b9a5ec0a
replication_archive/.Rproj.user/DB736CFB/rmd-outputs,5,cc9067c2ee470dc248b14b194209a34e
replication_archive/.Rproj.user/DB736CFB/saved_source_markers,27,03848550b5519652cec02c7edb2ca8a4
replication_archive/.Rproj.user/DB736CFB/sources/per/t/712D8C7A,689,4dc7c419930715ede3f66aa0258c4fa1
replication_archive/.Rproj.user/DB736CFB/sources/per/t/712D8C7A-contents,1606,81ae87e410bdbe0e7fb40c1c13ec6fb0
replication_archive/.Rproj.user/DB736CFB/sources/prop/1619626F,108,dc9c0240d77afdb0721df6da876189ff
replication_archive/.Rproj.user/DB736CFB/sources/prop/38CEC343,107,c16674a5309441d43bc7a306e8f4e5d1
replication_archive/.Rproj.user/DB736CFB/sources/prop/71562360,107,0cc88fe1ebf9b2fe94eb94d71455a151
replication_archive/.Rproj.user/DB736CFB/sources/prop/854ED384,107,e9b2bcbcae3033d985490b2b6d95f1da
replication_archive/.Rproj.user/DB736CFB/sources/prop/8E24C0FE,107,129dd9ff362ce7fd783b47c0c511abe4
replication_archive/.Rproj.user/DB736CFB/sources/prop/INDEX,576,415e1b88d397daf839ae377227fd36bd
replication_archive/.Rproj.user/shared/notebooks/patch-chunk-names,0,d41d8cd98f00b204e9800998ecf8427e
replication_archive/.Rproj.user/shared/notebooks/paths,490,8bdd723c3e9b673a3573534590dd8d4a
replication_archive/README.R,1606,81ae87e410bdbe0e7fb40c1c13ec6fb0
replication_archive/analysis_scripts/.Rhistory,0,d41d8cd98f00b204e9800998ecf8427e
replication_archive/analysis_scripts/1_clean_source_data.R,12013,0426299b2373aaba49c8ebe9d426f24a
replication_archive/analysis_scripts/2_regressions.R,3458,6b08ad4a7568b7947084ddef70808e27
replication_archive/analysis_scripts/4_metaregressions.R,9601,4f187fdf2a20dcfb235be1aa04642bfb
replication_archive/analysis_scripts/function_simulate_votes.R,2763,98a65595ccac1e588269e48b39a76a87
replication_archive/analysis_scripts/randomization_checks/2_missingness.R,6287,bdbb5ae831436540e3b92c002a2e1362
replication_archive/analysis_scripts/randomization_checks/3_balance.R,3975,3d8a724473be800a05b8e918122c944e
replication_archive/analysis_scripts/sims_for_optimal_spend.R,3285,8fd74a2a928771967942c32f8fe9cadf
replication_archive/definitions.R,11306,4e848a4677b914b68f41a25b1b8da6bc
replication_archive/hewitt_etal_2023_dataverse_appendix.pdf,4121868,2bf7bcc856e447d336c45a12fa3a0b81
replication_archive/hewitt_etal_2023_online_appendix.pdf,956425,673834c1227c463ed5ef9eb105833cdc
replication_archive/libraries.R,401,7e1676bc0dfdeb8724cdd2f7b3dd3c34
replication_archive/make_all_plots_and_tables.R,3108,37ce88bab5a39636f45ce2f2606db9f3
replication_archive/output/.DS_Store,6148,1a67cae4cd4602f5a712d92aadc7c835
replication_archive/output/processed_data/.Rapp.history,143,a9c73c84950cf6c66a8fdaecdb0dada0
replication_archive/output/processed_data/attrition_data.RDS,705495,f8f47e347d86a693f84dfa2a101f988d
replication_archive/output/processed_data/balance_checks.rds,28758,5250e366331b24f37e7e5ab31c843af0
replication_archive/output/processed_data/icc_2018.RDS,5088,459e2c2b9263f894b2644fcd82813368
replication_archive/output/processed_data/icc_2020.RDS,8051,dedac154406fd029780257bea245a0a6
replication_archive/output/processed_data/missingness_results.RDS,536355,62bcf3f861d69fd11b281406ea1652d1
replication_archive/output/processed_data/regression_ates.RDS,96284,56ebd2566c6db9d28f9d15d0ff89cd1d
replication_archive/output/processed_data/regression_ates_subgroup.RDS,478795,af984b0d651d4c308dadf949ba7bc36e
replication_archive/output/processed_data/regression_fits.RDS,67539594,31e29914174df154d3c343aaaae188c6
replication_archive/output/processed_data/regression_fits_ipw.RDS,13486239,4e8af5123504ee269b41bd0d59a35bb2
replication_archive/output/processed_data/regression_fits_subgroup.RDS,146925138,67794e6da4b96c97751e04ffe0c5827d
replication_archive/output/processed_data/responses.RDS,16811869,7a5111fac73ef0c63d8cd1b816c3babb
replication_archive/output/processed_data/sims_df.csv,10935,5a0c030078564ff6124ccc9ac438d636
replication_archive/output/processed_data/studies.RDS,7336,23d9c554544ddf291a7fadea68149fcc
replication_archive/output/processed_data/tagging_2018.RDS,42838,98f77cf12004ff44744171218ec0be49
replication_archive/output/processed_data/tagging_2020.RDS,148099,581fe2c1ea1ef34928fb9ac81df6e8d3
replication_archive/output/processed_data/tau_over_mu_stats.csv,115,98d3a95d9d40d8fd39fc19a20f01b61a
replication_archive/output/processed_data/tidied_metaregs.rds,7181487,74f3fd2f7c38e816877409151a985145
replication_archive/output/processed_data/tidied_metaregs_ipw.rds,798103,719ff5203801c7af16b5c23690fdaba6
replication_archive/output/processed_data/tidied_metaregs_subgroup.rds,35823516,a372a9ef356bbb8d3544187e3e1cc9f9
replication_archive/plotting_scripts/.Rhistory,1374,a03ed9e8f5855f2e8d080ec836883cfc
replication_archive/plotting_scripts/Figure1_raw_estimates.R,3934,8d4278593da5ae7d06e7f1e35e1a048c
replication_archive/plotting_scripts/Figure2_distribution.R,8314,9377c79adedbf26c0ff729106a4252da
replication_archive/plotting_scripts/Figure3_results_matrix.R,7237,78e90aaba4278e3e137e6ef5e565a4b6
replication_archive/plotting_scripts/Figure4_returns_to_exp.R,5916,8d06d5e6a3c3252793cb36459bd28376
replication_archive/plotting_scripts/Table1_studies_summary.R,4668,fa2dd23326114061bade16f75449c198
replication_archive/plotting_scripts/Table2_effects_summary.R,1463,090223e1219a7106db1a7526a201428a
replication_archive/plotting_scripts/appendix_attrition.R,6901,72845dc5b5cd9fa78e584eac06742827
replication_archive/plotting_scripts/appendix_bad_beliefs.R,3809,84b3a120d4ab080ead31df409cec1ad3
replication_archive/plotting_scripts/appendix_balance.R,3415,27e29277066ef84e79c57ca9c2d38d26
replication_archive/plotting_scripts/appendix_demographics.R,4199,c3ce5acd84e1b22f9464233ab208ac5b
replication_archive/plotting_scripts/appendix_features.R,5112,9f5482d31b1ba2fb618cd80de02f54f0
replication_archive/plotting_scripts/appendix_figure_OA14.R,3786,cfd9cec65a66675a4142ca6535e77ea5
replication_archive/plotting_scripts/appendix_in_cycle_generalization/hewitt_tappin_rankhet/data_prepared__immigration_clean.rds,31106,12a55751410530633af17789095d73de
replication_archive/plotting_scripts/appendix_in_cycle_generalization/hewitt_tappin_rankhet/data_prepared__ubi_against_clean.rds,10851,27f867bc206de1f301e5fa1ff3e53a39
replication_archive/plotting_scripts/appendix_in_cycle_generalization/tappin_et_al_targeting/data_prepared__imm_clean.rds,21402,eb19a012bea0ac6d42f5d41db5e146c6
replication_archive/plotting_scripts/appendix_in_cycle_generalization/tappin_et_al_targeting/data_prepared__peoria_clean.rds,19698,6e3fd6bdcf8b112da1d0dd7ae0632b10
replication_archive/plotting_scripts/appendix_in_cycle_generalization/tappin_et_al_targeting/data_prepared__ubi_clean.rds,20320,b747af7d6226daf906f5b7056f58a674
replication_archive/plotting_scripts/appendix_in_cycle_generalization/treatment_corrs.R,8917,549850c29f001d9b9cc2b0ffc2b61a85
replication_archive/plotting_scripts/appendix_in_cycle_generalization/wittenberg_et_al_pnas/data_prepared__peoria_clean.rds,21522,3f3a780edb2b2428fb336475c17d0e12
replication_archive/plotting_scripts/appendix_metaregressions.R,14899,87f00c8b9b223e71ab8fd228c50d882a
replication_archive/plotting_scripts/appendix_reliability.R,2810,e2d674f06b1925475b4ab6607dbac530
replication_archive/plotting_scripts/appendix_robustness.R,2847,2474d538b51cc320dd1108b468cb73c1
replication_archive/plotting_scripts/appendix_sd_simulation.R,1359,20bd0fb53d7075cdea700b3915c44897
replication_archive/plotting_scripts/appendix_tau_from_experiment_100_times.R,1404,ba5a2fd45cb609b9845196c2e5647a9e
replication_archive/replication_archive.Rproj,205,c8d3f84a410f46d4d8b03a268e313e35
