file,effect
output/paper/bad_beliefs.pdf,added
output/paper/balance_table_2018_all_conditions.tex,added
output/paper/balance_table_2018_treatment_conditions.tex,added
output/paper/balance_table_2020_all_conditions.tex,added
output/paper/balance_table_2020_treatment_conditions.tex,added
output/paper/balance.pdf,added
output/paper/demographics.pdf,added
output/paper/dichotomized_vote_choice.tex,added
output/paper/feature_correlations_2018.pdf,added
output/paper/feature_correlations_2020_downballot.pdf,added
output/paper/feature_correlations_2020_presidential.pdf,added
output/paper/feature_histograms_2018.pdf,added
output/paper/feature_histograms_2020_downballot.pdf,added
output/paper/feature_histograms_2020_presidential.pdf,added
output/paper/features_by_time_2018.pdf,added
output/paper/features_by_time_2020_downballot.pdf,added
output/paper/features_by_time_2020_presidential.pdf,added
output/paper/figure_1.pdf,added
output/paper/figure_3.pdf,added
output/paper/figure_4.pdf,added
output/paper/figure_OA14.pdf,added
output/paper/metaregs_diff_new_favorability.pdf,added
output/paper/metaregs_diff_new_votechoice.pdf,added
output/paper/metaregs_diff_primary_favorability.pdf,added
output/paper/metaregs_diff_primary_votechoice.pdf,added
output/paper/metaregs_diff_secondary_favorability.pdf,added
output/paper/metaregs_diff_secondary_votechoice.pdf,added
output/paper/plot_best_vs_average.pdf,added
output/paper/plot_scatter_imm.pdf,added
output/paper/plot_scatter_peoria.pdf,added
output/paper/plot_scatter_ubi.pdf,added
output/paper/reliability_table.tex,added
output/paper/reliability.pdf,added
output/paper/results_matrix_2018_robust.pdf,added
output/paper/results_matrix_democrat.pdf,added
output/paper/results_matrix_female.pdf,added
output/paper/results_matrix_independent.pdf,added
output/paper/results_matrix_male.pdf,added
output/paper/results_matrix_reliability.pdf,added
output/paper/results_matrix_republican.pdf,added
output/paper/simulations_under_the_null.pdf,added
output/paper/studies_summary.tex,added
output/paper/table_1.tex,added
output/paper/table_2.tex,added
output/paper/table_all_metaregressions.tex,added
output/paper/table_non_preregistered_metaregressions.tex,added
Rplots.pdf,added
output/processed_data/balance_checks.rds,overwritten
output/processed_data/regression_ates_subgroup.RDS,overwritten
output/processed_data/regression_ates.RDS,overwritten
output/processed_data/regression_fits_ipw.RDS,overwritten
output/processed_data/regression_fits_subgroup.RDS,overwritten
output/processed_data/regression_fits.RDS,overwritten
output/processed_data/sims_df.csv,overwritten
