script,line_number,writes_to,text
analysis_scripts/1_clean_source_data.R,275,output/processed_data/indices.RDS,"saveRDS(indices, ""output/processed_data/indices.RDS"")"
analysis_scripts/1_clean_source_data.R,276,output/processed_data/studies.RDS,"saveRDS(studies, ""output/processed_data/studies.RDS"")"
analysis_scripts/1_clean_source_data.R,277,output/processed_data/responses.RDS,"saveRDS(responses, ""output/processed_data/responses.RDS"")"
analysis_scripts/2_regressions.R,64,output/processed_data/regression_fits.RDS,"saveRDS(fits, ""output/processed_data/regression_fits.RDS"")"
analysis_scripts/2_regressions.R,66,output/processed_data/regression_ates.RDS,"saveRDS(ates, ""output/processed_data/regression_ates.RDS"")"
analysis_scripts/2_regressions.R,76,output/processed_data/regression_fits_subgroup.RDS,"saveRDS(fits_subgroup, ""output/processed_data/regression_fits_subgroup.RDS"")"
analysis_scripts/2_regressions.R,78,output/processed_data/regression_ates_subgroup.RDS,"saveRDS(ates_subgroup, ""output/processed_data/regression_ates_subgroup.RDS"")"
analysis_scripts/2_regressions.R,86,output/processed_data/regression_fits_ipw.RDS,"saveRDS(fits_ipw, ""output/processed_data/regression_fits_ipw.RDS"")"
analysis_scripts/4_metaregressions.R,157,output/processed_data/tidied_metaregs.rds,"metaregs %>% saveRDS(""output/processed_data/tidied_metaregs.rds"")"
analysis_scripts/4_metaregressions.R,193,output/processed_data/tidied_metaregs_subgroup.rds,"metaregs_subgroup %>% saveRDS(""output/processed_data/tidied_metaregs_subgroup.rds"")"
analysis_scripts/4_metaregressions.R,214,output/processed_data/tidied_metaregs_ipw.rds,"metaregs_ipw %>% saveRDS(""output/processed_data/tidied_metaregs_ipw.rds"")"
analysis_scripts/randomization_checks/2_missingness.R,142,NA,saveRDS(
analysis_scripts/randomization_checks/3_balance.R,112,output/processed_data/balance_checks.rds,"balance_checks %>% saveRDS(""output/processed_data/balance_checks.rds"")"
analysis_scripts/sims_for_optimal_spend.R,114,output/processed_data/sims_df.csv,"write_csv(sims_df, ""output/processed_data/sims_df.csv"")"
plotting_scripts/Figure1_raw_estimates.R,102,output/paper/figure_1.pdf,"if(fig == ""main"") ggsave(""output/paper/figure_1.pdf"", g, width=9, height=6)"
plotting_scripts/Figure2_distribution.R,166,output/paper/figure_2.pdf,"ggsave(""output/paper/figure_2.pdf"", g_with_inset, width=7, height=7)"
plotting_scripts/Figure2_distribution.R,191,output/paper/distribution_{subgroup}.png,"ggsave(str_glue(""output/paper/distribution_{subgroup}.png""), g_distribution, width=7, height=7)"
plotting_scripts/Figure3_results_matrix.R,74,{save_path}/figure_3{save_suffix}.pdf,"ggsave(str_glue(""{save_path}/figure_3{save_suffix}.pdf""), g, width = 10, height = 12)"
plotting_scripts/Figure3_results_matrix.R,88,{save_path}/results_matrix_reliability{save_suffix}.pdf,"ggsave(str_glue(""{save_path}/results_matrix_reliability{save_suffix}.pdf""), g, width = 10, height = 12)"
plotting_scripts/Figure3_results_matrix.R,148,output/paper/results_matrix_2018_robust.pdf,"ggsave(str_glue(""output/paper/results_matrix_2018_robust.pdf""), g, width = 10, height = 10)"
plotting_scripts/Figure3_results_matrix.R,173,{save_path}/results_matrix_{subgroup}{save_suffix}.pdf,"ggsave(str_glue(""{save_path}/results_matrix_{subgroup}{save_suffix}.pdf""), g, width = 10, height = 12)"
plotting_scripts/Figure4_returns_to_exp.R,194,output/paper/figure_4.pdf,"ggsave(""output/paper/figure_4.pdf"","
plotting_scripts/Table1_studies_summary.R,63,NA,"write_lines(output_str, f)"
plotting_scripts/Table1_studies_summary.R,90,NA,"write_lines(output_overall, f)"
plotting_scripts/Table2_effects_summary.R,37,NA,"write_lines(output, f)"
plotting_scripts/appendix_attrition.R,98,output/paper/attrition_by_treatment_and_interactions.pdf,"ggsave(""output/paper/attrition_by_treatment_and_interactions.pdf"", g, width=10, height=10)"
plotting_scripts/appendix_attrition.R,169,output/paper/attrition_imbalance_ipw.pdf,"ggsave(""output/paper/attrition_imbalance_ipw.pdf"", g, width=10, height=10)"
plotting_scripts/appendix_bad_beliefs.R,101,output/paper/bad_beliefs.pdf,"ggsave(filename = ""output/paper/bad_beliefs.pdf"", g, height = 6.5, width = 6.5)"
plotting_scripts/appendix_balance.R,40,output/paper/balance.pdf,"ggsave(""output/paper/balance.pdf"", g, width=9, height=13)"
plotting_scripts/appendix_balance.R,90,NA,"write_lines(out, f)"
plotting_scripts/appendix_demographics.R,126,output/paper/demographics.pdf,"ggsave(plot = g, filename = ""output/paper/demographics.pdf"", dpi = 300, height = 20, width = 16)"
plotting_scripts/appendix_features.R,69,.pdf,"ggsave(plot = g1, filename = paste0(""output/paper/feature_histograms_"", str_to_lower(str_replace_all(.x, "" "", ""_"")), "".pdf""),"
plotting_scripts/appendix_features.R,85,.pdf,"ggsave(plot = g2, filename = paste0(""output/paper/feature_correlations_"", str_to_lower(str_replace_all(.x, "" "", ""_"")), "".pdf""),"
plotting_scripts/appendix_features.R,136,NA,"ggsave(plot = g3,"
plotting_scripts/appendix_figure_OA14.R,124,output/paper/figure_OA14.pdf,"ggsave(""output/paper/figure_OA14.pdf"", plot = g, width = 6.5, height = 6.5)"
plotting_scripts/appendix_in_cycle_generalization/treatment_corrs.R,195,.pdf,"ggsave(plot = g, filename = paste0(""output/paper/plot_scatter_"", .x, "".pdf""),"
plotting_scripts/appendix_in_cycle_generalization/treatment_corrs.R,259,output/paper/plot_best_vs_average.pdf,"ggsave(plot = g_best_vs_avg, filename = ""output/paper/plot_best_vs_average.pdf"", dpi = 300, height = 6, width = 8)"
plotting_scripts/appendix_metaregressions.R,254,output/paper/table_all_metaregressions.tex,"write(file=""output/paper/table_all_metaregressions.tex"")"
plotting_scripts/appendix_metaregressions.R,259,output/paper/table_non_preregistered_metaregressions.tex,"write(file=""output/paper/table_non_preregistered_metaregressions.tex"")"
plotting_scripts/appendix_metaregressions.R,320,output/paper/metaregs_diff_{metareg_group_}_{outcome_id}.pdf,"ggsave(str_glue(""output/paper/metaregs_diff_{metareg_group_}_{outcome_id}.pdf""), g, width=10, height=8.5)"
plotting_scripts/appendix_reliability.R,56,output/paper/reliability.pdf,"ggsave(""output/paper/reliability.pdf"", g, width=8, height=8)"
plotting_scripts/appendix_reliability.R,92,NA,"write_lines(out, f)"
plotting_scripts/appendix_robustness.R,67,NA,"write_lines(output, f)"
plotting_scripts/appendix_sd_simulation.R,57,output/paper/sd_simulation.pdf,"ggsave(""output/paper/sd_simulation.pdf"", g, width = 6.5, height = 4.5)"
plotting_scripts/appendix_tau_from_experiment_100_times.R,47,output/paper/simulations_under_the_null.pdf,"ggsave(""output/paper/simulations_under_the_null.pdf"", g, width = 6.5, height = 4.5)"
