float,published_numbers,covered,reproduced_by_rewrite,reproduced_by_archive
figure_1,12,12,12,12
figure_2,20,20,18,18
figure_3,166,166,166,166
figure_oa10,166,166,166,166
figure_oa12,184,184,184,NA
table_1,24,24,23,18
table_2,90,90,90,90
table_3,3,3,3,NA
table_da10,252,252,252,NA
table_da11,78,78,78,NA
table_da12,84,84,84,NA
table_da13,84,84,84,NA
table_da14,84,84,84,NA
table_da15,84,84,84,NA
table_da16,84,84,84,NA
table_da17,84,84,84,NA
table_da18,84,84,84,NA
table_da19,112,112,112,NA
table_da20,108,108,108,NA
table_da21,52,52,52,NA
table_da22,52,52,52,NA
table_da23,52,52,52,NA
table_da24,52,52,52,NA
table_da25,52,52,52,NA
table_da26,52,52,52,NA
table_da27,52,52,52,NA
table_da28,476,476,476,NA
table_da29,588,588,588,NA
table_da30,452,452,452,NA
table_da35,159,159,159,NA
table_da4,42,42,42,NA
table_da5,66,66,66,NA
table_da6,18,18,18,NA
table_da7,112,112,112,NA
table_da8,108,108,108,NA
table_da9,136,136,136,NA
table_oa1,84,84,84,NA
table_oa2,45,45,45,45
