paper_id,claim_id,table_figure,claim,value_script,value_paper,match,value_rewrite,match_rewrite,holds,defect_locus,notes
hewitt_etal_2024,figure_1_cells,figure_1,figure_1: cells reproduced of published cells,12,12,1,12,1,NA,NA,"12 of 12 published cells have a rewrite counterpart; 12 have an archive counterpart. Rewrite gives 12, which matches."
hewitt_etal_2024,figure_2_cells,figure_2,figure_2: cells reproduced of published cells,18,20,0,18,0,NA,rewrite,20 of 20 published cells have a rewrite counterpart; 18 have an archive counterpart. Both inset labels are reproduced; the rewrite draws the two bars in the opposite vertical order from the published inset. Rewrite gives 18 against a published 20.
hewitt_etal_2024,figure_3_cells,figure_3,figure_3: cells reproduced of published cells,166,166,1,166,1,NA,NA,"166 of 166 published cells have a rewrite counterpart; 166 have an archive counterpart. Rewrite gives 166, which matches."
hewitt_etal_2024,figure_oa10_cells,figure_oa10,figure_oa10: cells reproduced of published cells,166,166,1,166,1,NA,NA,"166 of 166 published cells have a rewrite counterpart; 166 have an archive counterpart. Rewrite gives 166, which matches."
hewitt_etal_2024,figure_oa12_cells,figure_oa12,figure_oa12: cells reproduced of published cells,NA,184,NA,184,1,NA,NA,"184 of 184 published cells have a rewrite counterpart; 0 have an archive counterpart. Rewrite gives 184, which matches."
hewitt_etal_2024,table_1_cells,table_1,table_1: cells reproduced of published cells,18,24,0,23,0,NA,archive,24 of 24 published cells have a rewrite counterpart; 18 have an archive counterpart. The last study cell reads the last row of the data file rather than the latest date. Rewrite gives 23 against a published 24.
hewitt_etal_2024,table_2_cells,table_2,table_2: cells reproduced of published cells,90,90,1,90,1,NA,NA,"90 of 90 published cells have a rewrite counterpart; 90 have an archive counterpart. Rewrite gives 90, which matches."
hewitt_etal_2024,table_3_cells,table_3,table_3: cells reproduced of published cells,NA,3,NA,3,1,NA,NA,"3 of 3 published cells have a rewrite counterpart; 0 have an archive counterpart. Rewrite gives 3, which matches."
hewitt_etal_2024,table_da10_cells,table_da10,table_da10: cells reproduced of published cells,NA,252,NA,252,1,NA,NA,"252 of 252 published cells have a rewrite counterpart; 0 have an archive counterpart. Rewrite gives 252, which matches."
hewitt_etal_2024,table_da11_cells,table_da11,table_da11: cells reproduced of published cells,NA,78,NA,78,1,NA,NA,"78 of 78 published cells have a rewrite counterpart; 0 have an archive counterpart. Rewrite gives 78, which matches."
hewitt_etal_2024,table_da12_cells,table_da12,table_da12: cells reproduced of published cells,NA,84,NA,84,1,NA,NA,"84 of 84 published cells have a rewrite counterpart; 0 have an archive counterpart. Rewrite gives 84, which matches."
hewitt_etal_2024,table_da13_cells,table_da13,table_da13: cells reproduced of published cells,NA,84,NA,84,1,NA,NA,"84 of 84 published cells have a rewrite counterpart; 0 have an archive counterpart. Rewrite gives 84, which matches."
hewitt_etal_2024,table_da14_cells,table_da14,table_da14: cells reproduced of published cells,NA,84,NA,84,1,NA,NA,"84 of 84 published cells have a rewrite counterpart; 0 have an archive counterpart. Rewrite gives 84, which matches."
hewitt_etal_2024,table_da15_cells,table_da15,table_da15: cells reproduced of published cells,NA,84,NA,84,1,NA,NA,"84 of 84 published cells have a rewrite counterpart; 0 have an archive counterpart. Rewrite gives 84, which matches."
hewitt_etal_2024,table_da16_cells,table_da16,table_da16: cells reproduced of published cells,NA,84,NA,84,1,NA,NA,"84 of 84 published cells have a rewrite counterpart; 0 have an archive counterpart. Rewrite gives 84, which matches."
hewitt_etal_2024,table_da17_cells,table_da17,table_da17: cells reproduced of published cells,NA,84,NA,84,1,NA,NA,"84 of 84 published cells have a rewrite counterpart; 0 have an archive counterpart. Rewrite gives 84, which matches."
hewitt_etal_2024,table_da18_cells,table_da18,table_da18: cells reproduced of published cells,NA,84,NA,84,1,NA,NA,"84 of 84 published cells have a rewrite counterpart; 0 have an archive counterpart. Rewrite gives 84, which matches."
hewitt_etal_2024,table_da19_cells,table_da19,table_da19: cells reproduced of published cells,NA,112,NA,112,1,NA,NA,"112 of 112 published cells have a rewrite counterpart; 0 have an archive counterpart. Rewrite gives 112, which matches."
hewitt_etal_2024,table_da20_cells,table_da20,table_da20: cells reproduced of published cells,NA,108,NA,108,1,NA,NA,"108 of 108 published cells have a rewrite counterpart; 0 have an archive counterpart. Rewrite gives 108, which matches."
hewitt_etal_2024,table_da21_cells,table_da21,table_da21: cells reproduced of published cells,NA,52,NA,52,1,NA,NA,"52 of 52 published cells have a rewrite counterpart; 0 have an archive counterpart. Rewrite gives 52, which matches."
hewitt_etal_2024,table_da22_cells,table_da22,table_da22: cells reproduced of published cells,NA,52,NA,52,1,NA,NA,"52 of 52 published cells have a rewrite counterpart; 0 have an archive counterpart. Rewrite gives 52, which matches."
hewitt_etal_2024,table_da23_cells,table_da23,table_da23: cells reproduced of published cells,NA,52,NA,52,1,NA,NA,"52 of 52 published cells have a rewrite counterpart; 0 have an archive counterpart. Rewrite gives 52, which matches."
hewitt_etal_2024,table_da24_cells,table_da24,table_da24: cells reproduced of published cells,NA,52,NA,52,1,NA,NA,"52 of 52 published cells have a rewrite counterpart; 0 have an archive counterpart. Rewrite gives 52, which matches."
hewitt_etal_2024,table_da25_cells,table_da25,table_da25: cells reproduced of published cells,NA,52,NA,52,1,NA,NA,"52 of 52 published cells have a rewrite counterpart; 0 have an archive counterpart. Rewrite gives 52, which matches."
hewitt_etal_2024,table_da26_cells,table_da26,table_da26: cells reproduced of published cells,NA,52,NA,52,1,NA,NA,"52 of 52 published cells have a rewrite counterpart; 0 have an archive counterpart. Rewrite gives 52, which matches."
hewitt_etal_2024,table_da27_cells,table_da27,table_da27: cells reproduced of published cells,NA,52,NA,52,1,NA,NA,"52 of 52 published cells have a rewrite counterpart; 0 have an archive counterpart. Rewrite gives 52, which matches."
hewitt_etal_2024,table_da28_cells,table_da28,table_da28: cells reproduced of published cells,NA,476,NA,476,1,NA,NA,"476 of 476 published cells have a rewrite counterpart; 0 have an archive counterpart. Rewrite gives 476, which matches."
hewitt_etal_2024,table_da29_cells,table_da29,table_da29: cells reproduced of published cells,NA,588,NA,588,1,NA,NA,"588 of 588 published cells have a rewrite counterpart; 0 have an archive counterpart. Rewrite gives 588, which matches."
hewitt_etal_2024,table_da30_cells,table_da30,table_da30: cells reproduced of published cells,NA,452,NA,452,1,NA,NA,"452 of 452 published cells have a rewrite counterpart; 0 have an archive counterpart. Rewrite gives 452, which matches."
hewitt_etal_2024,table_da35_cells,table_da35,table_da35: cells reproduced of published cells,NA,159,NA,159,1,NA,NA,"159 of 159 published cells have a rewrite counterpart; 0 have an archive counterpart. Rewrite gives 159, which matches."
hewitt_etal_2024,table_da4_cells,table_da4,table_da4: cells reproduced of published cells,NA,42,NA,42,1,NA,NA,"42 of 42 published cells have a rewrite counterpart; 0 have an archive counterpart. Rewrite gives 42, which matches."
hewitt_etal_2024,table_da5_cells,table_da5,table_da5: cells reproduced of published cells,NA,66,NA,66,1,NA,NA,"66 of 66 published cells have a rewrite counterpart; 0 have an archive counterpart. Rewrite gives 66, which matches."
hewitt_etal_2024,table_da6_cells,table_da6,table_da6: cells reproduced of published cells,NA,18,NA,18,1,NA,NA,"18 of 18 published cells have a rewrite counterpart; 0 have an archive counterpart. Rewrite gives 18, which matches."
hewitt_etal_2024,table_da7_cells,table_da7,table_da7: cells reproduced of published cells,NA,112,NA,112,1,NA,NA,"112 of 112 published cells have a rewrite counterpart; 0 have an archive counterpart. Rewrite gives 112, which matches."
hewitt_etal_2024,table_da8_cells,table_da8,table_da8: cells reproduced of published cells,NA,108,NA,108,1,NA,NA,"108 of 108 published cells have a rewrite counterpart; 0 have an archive counterpart. Rewrite gives 108, which matches."
hewitt_etal_2024,table_da9_cells,table_da9,table_da9: cells reproduced of published cells,NA,136,NA,136,1,NA,NA,"136 of 136 published cells have a rewrite counterpart; 0 have an archive counterpart. Rewrite gives 136, which matches."
hewitt_etal_2024,table_oa1_cells,table_oa1,table_oa1: cells reproduced of published cells,NA,84,NA,84,1,NA,NA,"84 of 84 published cells have a rewrite counterpart; 0 have an archive counterpart. Rewrite gives 84, which matches."
hewitt_etal_2024,table_oa2_cells,table_oa2,table_oa2: cells reproduced of published cells,45,45,1,45,1,NA,NA,"45 of 45 published cells have a rewrite counterpart; 45 have an archive counterpart. Rewrite gives 45, which matches."
hewitt_etal_2024,abstract_n_experiments,abstract,146 advertising experiments,146,146,1,146,1,NA,NA,"Rewrite gives 146, which matches."
hewitt_etal_2024,abstract_n_ads,abstract,617 advertisements,617,617,1,617,1,NA,NA,"Rewrite gives 617, which matches."
hewitt_etal_2024,abstract_n_campaigns,abstract,produced by 51 campaigns,NA,51,NA,NA,NA,NA,archive,"The deposit carries no campaign identifier, only 146 studies and 617 advertisements, so the number of campaigns cannot be recovered. No rewrite counterpart."
hewitt_etal_2024,abstract_n_respondents,abstract,"tested with over 500,000 respondents",NA,500000,NA,607450,1,TRUE,NA,"The deposit holds 607,450 responses in all and 498,340 after the exclusions the article describes, which is what Table 1 totals. Rewrite gives 607450, which matches."
hewitt_etal_2024,intro_mu_votechoice_2018,text,average 2018 effect on vote choice,NA,2.3,NA,2.2737217102732887,1,NA,NA,"Rewrite gives 2.3, which matches."
hewitt_etal_2024,intro_mu_votechoice_2020d,text,average 2020 downballot effect,NA,1.2,NA,1.1841170229260862,1,NA,NA,"Rewrite gives 1.2, which matches."
hewitt_etal_2024,intro_mu_votechoice_2020p,text,average 2020 presidential effect,NA,0.8,NA,0.8471255911117955,1,NA,NA,"Rewrite gives 0.8, which matches."
hewitt_etal_2024,intro_tau_votechoice_2018,text,2018 standard deviation of true effects,NA,1.5,NA,1.4162556296611026,0,NA,paper_internal,"Table 2 prints 1.42 for this quantity, which rounds to 1.4. Rewrite gives 1.4 against a published 1.5."
hewitt_etal_2024,intro_tau_votechoice_2020d,text,2020 downballot standard deviation,NA,0.5,NA,0.4712281659940731,1,NA,NA,"Rewrite gives 0.5, which matches."
hewitt_etal_2024,intro_tau_votechoice_2020p,text,2020 presidential standard deviation,NA,0.3,NA,0.3429869761008556,1,NA,NA,"Rewrite gives 0.3, which matches."
hewitt_etal_2024,intro_largest_in_sd_units,text,largest standard deviation in standard units,NA,0.03,NA,0.02832511259322205,1,NA,NA,"The largest vote choice tau divided by the 50 point standard deviation of a fair binary outcome. Rewrite gives 0.03, which matches."
hewitt_etal_2024,intro_relative_effectiveness,text,commonplace for ads to be 50% less or more persuasive,NA,50,NA,50.8715010711059,NA,NA,NA,"A hedged restatement of the ratio, so no verdict is taken. Rewrite gives 51; no verdict is taken."
hewitt_etal_2024,intro_budget_share,text,over 10% of the media budget devoted to experimentation,NA,10,NA,13.5075,1,NA,NA,"At the estimated variability the optimal share runs 9.4 to 13.5 per cent across budget levels. Rewrite gives 14, which matches."
hewitt_etal_2024,design_n_experiments,text,146 randomized survey experiments,146,146,1,146,1,NA,NA,"Rewrite gives 146, which matches."
hewitt_etal_2024,design_field_dates_2018,text,"2018 data collected between April 4, 2018 and March 15, 2019",NA,NA,NA,NA,NA,FALSE,unresolved,"The 2018 studies were fielded between 2018-04-09 and 2019-03-15, and their responses were collected between 2018-04-04 and 2019-03-16. The article gives April 4, 2018 to March 15, 2019, which is the first response and the last study date. The claim does not hold."
hewitt_etal_2024,design_field_dates_2020,text,"2020 data collected between December 7, 2019 and December 24, 2020",NA,NA,NA,NA,NA,FALSE,unresolved,"The 2020 studies were fielded between 2019-12-07 and 2020-12-25, and their responses were collected between 2019-12-07 and 2020-12-26. The article gives December 7, 2019 to December 24, 2020, which matches neither endpoint at the upper end. The claim does not hold."
hewitt_etal_2024,design_treat_changed_2018,text,four 2018 studies added or subtracted a treatment,NA,4,NA,4,1,NA,NA,"Rewrite gives 4, which matches."
hewitt_etal_2024,design_treat_changed_2020,text,seven 2020 studies added or subtracted a treatment,NA,7,NA,7,1,NA,NA,"Rewrite gives 7, which matches."
hewitt_etal_2024,design_attrition_studies,text,22 studies with reconstructed completion data,NA,22,NA,22,1,NA,NA,"Rewrite gives 22, which matches."
hewitt_etal_2024,design_attrition_rate,text,average post-treatment attrition of approximately 4 per cent,NA,4,NA,5.00927625199907,NA,NA,NA,"A hedged figure, so no verdict is taken. Rewrite gives 5; no verdict is taken."
hewitt_etal_2024,design_attrition_significant,text,one study with a significant effect of treatment on completion,NA,1,NA,1,1,NA,NA,"Rewrite gives 1, which matches."
hewitt_etal_2024,icc_messenger_threshold,text,single-rater reliability above 0.8 for messenger race and gender,NA,0.8,NA,0.910926785201003,1,TRUE,NA,"Single-rater ICC for the messenger race and gender items runs 0.88 to 0.91 across 2 item-years. Rewrite gives 0.9, which matches."
hewitt_etal_2024,icc_pushy,text,single-rater reliability of 0.23 for how pushy the ad was,NA,0.23,NA,0.2229826530218696,0,NA,paper_internal,The 2020 single-rater ICC for how_pushy is the only reliability figure the deposit holds for this item. Rewrite gives 0.22 against a published 0.23.
hewitt_etal_2024,reliability_higher_2020,text,single-rater reliability higher in 2020 than in 2018,NA,NA,NA,NA,NA,TRUE,NA,"Mean single-rater reliability across the 23 items coded in both years is 0.445 in 2018 and 0.453 in 2020, and 11 of 23 items are individually higher in 2020. The claim holds."
hewitt_etal_2024,results_mu_votechoice_2018,text,2018 average estimated effect,NA,2.3,NA,2.2737217102732887,1,NA,NA,"Rewrite gives 2.3, which matches."
hewitt_etal_2024,results_mu_votechoice_2020d,text,2020 downballot average estimated effect,NA,1.2,NA,1.1841170229260862,1,NA,NA,"Rewrite gives 1.2, which matches."
hewitt_etal_2024,results_mu_votechoice_2020p,text,2020 presidential average estimated effect,NA,0.8,NA,0.8471255911117955,1,NA,NA,"Rewrite gives 0.8, which matches."
hewitt_etal_2024,results_tau_votechoice_2018,text,2018 estimated standard deviation,NA,1.5,NA,1.4162556296611026,0,NA,paper_internal,"Table 2 prints 1.42 for this quantity, which rounds to 1.4. Rewrite gives 1.4 against a published 1.5."
hewitt_etal_2024,results_tau_votechoice_2020d,text,2020 downballot estimated standard deviation,NA,0.5,NA,0.4712281659940731,1,NA,NA,"Rewrite gives 0.5, which matches."
hewitt_etal_2024,results_tau_votechoice_2020p,text,2020 presidential estimated standard deviation,NA,0.3,NA,0.3429869761008556,1,NA,NA,"Rewrite gives 0.3, which matches."
hewitt_etal_2024,results_tau_over_mu,text,ratio of tau to mu of 0.51 on average,NA,0.51,NA,0.508715010711059,1,NA,NA,"The deposit ships the ratio as a data file that no deposited script writes. Averaging the six published ratios gives 0.52 and averaging the three vote choice ratios gives 0.48. Rewrite gives 0.51, which matches."
hewitt_etal_2024,results_pct_more_or_less,text,51 per cent more or less effective,NA,51,NA,50.8715010711059,1,NA,NA,"The same deposited ratio, expressed as a percentage. Rewrite gives 51, which matches."
hewitt_etal_2024,results_p_votechoice_2020d,text,the sixth Q-test p-value is 0.054,NA,0.054,NA,0.05406948742947231,1,NA,NA,"Rewrite gives 0.054, which matches."
hewitt_etal_2024,results_five_of_six,text,Q-tests reject homogeneity in five of six cases,NA,NA,NA,NA,NA,TRUE,NA,5 of 6 Q-test p-values are at or below 0.001 at the precision Table 2 prints; the largest is 0.054. The claim holds.
hewitt_etal_2024,results_opportunities,text,39 opportunities,NA,NA,NA,NA,NA,FALSE,unresolved,"Figure 3 has 30 hypothesis rows and two outcome columns, so 60 hypothesis-by-outcome combinations, carrying 166 t-statistics in all. The claim does not hold."
hewitt_etal_2024,results_one_consistent,text,just one hypothesis significant with the same sign in every context,NA,NA,NA,NA,NA,TRUE,NA,"Of 60 hypothesis-by-outcome combinations, 1 has coefficients that are significant with the same sign in every context it was tested in: How pushy on favorability. The claim holds."
hewitt_etal_2024,results_pushy_favorability,text,how pushy predicts favorability in both 2020 contexts but not vote choice,NA,NA,NA,NA,NA,TRUE,NA,"Pushiness is significant in both 2020 contexts on favorability (t = 2.74, 2.24) and in one of two on vote choice (t = 0.85, 2.35). The claim holds."
hewitt_etal_2024,results_effects_decline,text,"effects on favorability decline closer to election day, vote choice does not",NA,NA,NA,NA,NA,TRUE,NA,The coefficient on log days until election is positive and significant in 2 of three contexts for favorability and 0 of three for vote choice. The claim holds.
hewitt_etal_2024,results_r2_favorability_min,text,"adjusted R-squared for favorability, lower end",NA,0.12,NA,0.11968131529050163,1,NA,NA,"Rewrite gives 0.12, which matches."
hewitt_etal_2024,results_r2_favorability_max,text,"adjusted R-squared for favorability, upper end",NA,0.34,NA,0.34238363417628914,1,NA,NA,"Rewrite gives 0.34, which matches."
hewitt_etal_2024,results_r2_votechoice_min,text,"adjusted R-squared for vote choice, lower end",NA,0,NA,-0.08107667690313725,1,NA,NA,"Dataverse Appendix Table DA28 prints this cell as less than zero, which rounds to the zero the sentence gives. Rewrite gives 0, which matches."
hewitt_etal_2024,results_r2_votechoice_max,text,"adjusted R-squared for vote choice, upper end",NA,0.32,NA,0.3916476497914914,0,NA,paper_internal,"Dataverse Appendix Table DA28 prints 0.39 in this cell, which the sentence gives as 0.32. Rewrite gives 0.39 against a published 0.32."
hewitt_etal_2024,sim_budget_min,text,"simulated budgets from $500,000",NA,500000,NA,500000,1,NA,NA,"Rewrite gives 500000, which matches."
hewitt_etal_2024,sim_budget_max,text,"simulated budgets to $5,000,000",NA,5000000,NA,5000000,1,NA,NA,"Rewrite gives 5000000, which matches."
hewitt_etal_2024,sim_tau_tiny,text,tiny ad variability scenario,NA,0.01,NA,0.01,1,NA,NA,"Rewrite gives 0.01, which matches."
hewitt_etal_2024,sim_tau_large,text,large ad variability scenario,NA,1.01,NA,1.01,1,NA,NA,"Rewrite gives 1.01, which matches."
hewitt_etal_2024,sim_n_experiments,text,"10,000 simulated experiments per scenario",NA,10000,NA,10000,1,NA,NA,"Rewrite gives 10000, which matches."
hewitt_etal_2024,sim_cost_per_vote,text,$200 per vote benchmark,NA,200,NA,200,1,NA,NA,"Rewrite gives 200, which matches."
hewitt_etal_2024,sim_optimal_min,text,"optimal spend at the estimated variability, lower end",NA,10,NA,9.376875,NA,NA,NA,Rewrite gives 9; no verdict is taken.
hewitt_etal_2024,sim_optimal_max,text,"optimal spend at the estimated variability, upper end",NA,13,NA,13.5075,NA,NA,NA,Rewrite gives 14; no verdict is taken.
hewitt_etal_2024,sim_optimal_large_min,text,"optimal spend at high variability, lower end",NA,13,NA,11.890555555555556,NA,NA,NA,Rewrite gives 12; no verdict is taken.
hewitt_etal_2024,sim_optimal_large_max,text,"optimal spend at high variability, upper end",NA,17,NA,17.015,NA,NA,NA,Rewrite gives 17; no verdict is taken.
hewitt_etal_2024,sim_dollars_per_vote_gap,text,wealthy campaigns win votes around $50 per vote less than small ones,NA,50,NA,48.6468730431954,NA,NA,NA,"A hedged figure, so no verdict is taken. Rewrite gives 49; no verdict is taken."
hewitt_etal_2024,disc_tau_over_mu,text,ratio of approximately 0.51,NA,0.51,NA,0.508715010711059,1,NA,NA,"The same deposited ratio as in the Results section. Rewrite gives 0.51, which matches."
hewitt_etal_2024,disc_pct_better,text,51 per cent better than the average ad,NA,51,NA,50.8715010711059,1,NA,NA,"The same deposited ratio, expressed as a percentage. Rewrite gives 51, which matches."
hewitt_etal_2024,appendix_c1_mu_2020d,table_oa2,"average survey effect for 2020 downballot, quoted in Appendix C.1",NA,1.53,NA,1.508127141344045,0,NA,paper_internal,Table OA2 prints 1.51 for this cell. Rewrite gives 1.51 against a published 1.53.
hewitt_etal_2024,appendix_c1_mu_2020p,table_oa2,"average survey effect for 2020 presidential, quoted in Appendix C.1",NA,1.07,NA,1.0667289329665484,1,NA,NA,"Rewrite gives 1.07, which matches."
hewitt_etal_2024,appendix_d_max_ads,text,575 vote choice effects available to the analyst,NA,575,NA,575,1,NA,NA,"Rewrite gives 575, which matches."
hewitt_etal_2024,intro_house_tested_2022,text,20 of 36 toss-up House races in 2022,NA,20,NA,NA,NA,NA,NA,A design constant the article states and the deposit does not record. No rewrite counterpart.
hewitt_etal_2024,intro_house_total_2022,text,36 toss-up House races in 2022,NA,36,NA,NA,NA,NA,NA,A design constant the article states and the deposit does not record. No rewrite counterpart.
hewitt_etal_2024,intro_house_share_2022,text,56% of toss-up House races,NA,56,NA,NA,NA,NA,NA,A design constant the article states and the deposit does not record. No rewrite counterpart.
hewitt_etal_2024,intro_senate_share,text,100% of toss-up Senate races,NA,100,NA,NA,NA,NA,NA,A design constant the article states and the deposit does not record. No rewrite counterpart.
hewitt_etal_2024,fn3_binary_sd,text,standard deviation of a fair binary variable,NA,0.5,NA,NA,NA,NA,NA,A design constant the article states and the deposit does not record. No rewrite counterpart.
hewitt_etal_2024,fn3_sd_points,text,0.5 is 50 percentage points,NA,50,NA,NA,NA,NA,NA,A design constant the article states and the deposit does not record. No rewrite counterpart.
hewitt_etal_2024,lit_lau_studies,text,meta-analysis of 111 studies,NA,111,NA,NA,NA,NA,NA,Copied from another article; checked once against the source. No rewrite counterpart.
hewitt_etal_2024,design_house_tested_2018,text,6 of 30 toss-up House races in 2018,NA,6,NA,NA,NA,NA,NA,A design constant the article states and the deposit does not record. No rewrite counterpart.
hewitt_etal_2024,design_house_total_2018,text,30 toss-up House races in 2018,NA,30,NA,NA,NA,NA,NA,A design constant the article states and the deposit does not record. No rewrite counterpart.
hewitt_etal_2024,design_house_share_2018,text,20% of 2018 toss-up House races,NA,20,NA,NA,NA,NA,NA,A design constant the article states and the deposit does not record. No rewrite counterpart.
hewitt_etal_2024,design_cluster_min,text,clusters lasting 1 to 4 minutes,NA,1,NA,NA,NA,NA,NA,A design constant the article states and the deposit does not record. No rewrite counterpart.
hewitt_etal_2024,design_cluster_max,text,clusters lasting 1 to 4 minutes,NA,4,NA,NA,NA,NA,NA,A design constant the article states and the deposit does not record. No rewrite counterpart.
hewitt_etal_2024,design_discard_window,text,treatment with no responses in the initial or final 10% of the study,NA,10,NA,NA,NA,NA,NA,A design constant the article states and the deposit does not record. No rewrite counterpart.
hewitt_etal_2024,outcome_scale_max,text,0 to 10 Likert scale,NA,10,NA,NA,NA,NA,NA,A design constant the article states and the deposit does not record. No rewrite counterpart.
hewitt_etal_2024,outcome_rescale_max,text,rescaled to range 0 to 100,NA,100,NA,NA,NA,NA,NA,A design constant the article states and the deposit does not record. No rewrite counterpart.
hewitt_etal_2024,dichotomize_midpoint,text,a 5 on the vote choice scale is recoded to 0.5,NA,0.5,NA,NA,NA,NA,NA,A design constant the article states and the deposit does not record. No rewrite counterpart.
hewitt_etal_2024,tagging_raters_2018,text,eight undergraduate research assistants in 2018,NA,8,NA,NA,NA,NA,NA,A design constant the article states and the deposit does not record. No rewrite counterpart.
hewitt_etal_2024,tagging_ratings_2018,text,three independent ratings per video in 2018,NA,3,NA,NA,NA,NA,NA,A design constant the article states and the deposit does not record. No rewrite counterpart.
hewitt_etal_2024,tagging_raters_2020,text,11 assistants in 2020,NA,11,NA,NA,NA,NA,NA,A design constant the article states and the deposit does not record. No rewrite counterpart.
hewitt_etal_2024,tagging_ratings_2020,text,two independent ratings per video in 2020,NA,2,NA,NA,NA,NA,NA,A design constant the article states and the deposit does not record. No rewrite counterpart.
hewitt_etal_2024,pap_alpha,text,2018 characteristics significant at p < 0.05,NA,0.05,NA,NA,NA,NA,NA,A design constant the article states and the deposit does not record. No rewrite counterpart.
hewitt_etal_2024,results_null_rejection_rate,text,simulated null rejects at approximately the expected 5% rate,NA,5,NA,NA,NA,NA,NA,A design constant the article states and the deposit does not record. No rewrite counterpart.
hewitt_etal_2024,disc_milkman_messages,text,Milkman et al. consider 22 messages,NA,22,NA,NA,NA,NA,NA,Copied from another article; checked once against the source. No rewrite counterpart.
hewitt_etal_2024,disc_milkman_low,text,effects range from 1 percentage point,NA,1,NA,NA,NA,NA,NA,Copied from another article; checked once against the source. No rewrite counterpart.
hewitt_etal_2024,disc_milkman_high,text,effects range to 3 percentage points,NA,3,NA,NA,NA,NA,NA,Copied from another article; checked once against the source. No rewrite counterpart.
hewitt_etal_2024,disc_okeefe_metas,text,O'Keefe and Hoeken meta-analyze 30 meta-analyses,NA,30,NA,NA,NA,NA,NA,Copied from another article; checked once against the source. No rewrite counterpart.
hewitt_etal_2024,disc_berman_experiments,text,"Berman and Van den Bulte consider 4,964 experiments",NA,4964,NA,NA,NA,NA,NA,Copied from another article; checked once against the source. No rewrite counterpart.
hewitt_etal_2024,disc_berman_effect,text,average effect size of -0.001 standard units,NA,-0.001,NA,NA,NA,NA,NA,Copied from another article; checked once against the source. No rewrite counterpart.
hewitt_etal_2024,disc_berman_sd,text,standard deviation of 0.043 units,NA,0.043,NA,NA,NA,NA,NA,Copied from another article; checked once against the source. No rewrite counterpart.
hewitt_etal_2024,disc_chv_ads,text,"Coppock, Hill and Vavreck find similar effects of seven ads",NA,7,NA,NA,NA,NA,NA,Copied from another article; checked once against the source. No rewrite counterpart.
hewitt_etal_2024,disc_retest_months,text,ads retested after 6 months,NA,6,NA,NA,NA,NA,NA,Copied from another article; checked once against the source. No rewrite counterpart.
hewitt_etal_2024,appendix_a_ratings_2018,text,k = 3 ratings per video in 2018,NA,3,NA,NA,NA,NA,NA,A design constant the article states and the deposit does not record. No rewrite counterpart.
hewitt_etal_2024,appendix_a_ratings_2020,text,k = 2 ratings per video in 2020,NA,2,NA,NA,NA,NA,NA,A design constant the article states and the deposit does not record. No rewrite counterpart.
hewitt_etal_2024,appendix_c1_vpk,text,5 votes per $1000 of TV advertising,NA,5,NA,NA,NA,NA,NA,Copied from another article; checked once against the source. No rewrite counterpart.
hewitt_etal_2024,appendix_c1_dollars_per_vote,text,$200 per vote,NA,200,NA,NA,NA,NA,NA,Copied from another article; checked once against the source. No rewrite counterpart.
hewitt_etal_2024,appendix_c1_vpk_double,text,an ad with twice the typical effect yields 10 VPK,NA,10,NA,NA,NA,NA,NA,A design constant the article states and the deposit does not record. No rewrite counterpart.
hewitt_etal_2024,appendix_c1_ratio_rough,text,ratio between in-field and in-survey effects of very roughly 100,NA,100,NA,NA,NA,NA,NA,Copied from another article; checked once against the source. No rewrite counterpart.
hewitt_etal_2024,appendix_c1_cost_per_impression,text,6 cents per voter impression,NA,6,NA,NA,NA,NA,NA,A design constant the article states and the deposit does not record. No rewrite counterpart.
hewitt_etal_2024,appendix_c1_cost_per_impression_raw,text,3 cents per impression,NA,3,NA,NA,NA,NA,NA,A design constant the article states and the deposit does not record. No rewrite counterpart.
hewitt_etal_2024,appendix_c1_senate_effect,text,implied Senate per-impression effect of 0.015pp,NA,0.015,NA,NA,NA,NA,NA,A design constant the article states and the deposit does not record. No rewrite counterpart.
hewitt_etal_2024,appendix_c1_pres_effect,text,implied presidential per-impression effect of 0.008pp,NA,0.008,NA,NA,NA,NA,NA,A design constant the article states and the deposit does not record. No rewrite counterpart.
hewitt_etal_2024,appendix_c1_factor_100,text,survey-to-field conversion factor of approximately 100,NA,100,NA,NA,NA,NA,NA,Copied from another article; checked once against the source. No rewrite counterpart.
hewitt_etal_2024,appendix_c1_svw_presidential,text,$365 per vote for presidential advertising,NA,365,NA,NA,NA,NA,NA,Copied from another article; checked once against the source. No rewrite counterpart.
hewitt_etal_2024,appendix_c1_st_presidential,text,$170 per vote in Spenkuch and Toniatti,NA,170,NA,NA,NA,NA,NA,Copied from another article; checked once against the source. No rewrite counterpart.
hewitt_etal_2024,appendix_c1_factor_130,text,conversion factor of approximately 130,NA,130,NA,NA,NA,NA,NA,Copied from another article; checked once against the source. No rewrite counterpart.
hewitt_etal_2024,appendix_c1_factor_60,text,conversion factor of approximately 60,NA,60,NA,NA,NA,NA,NA,Copied from another article; checked once against the source. No rewrite counterpart.
hewitt_etal_2024,appendix_c1_st_per_impression,text,0.017pp per impression per capita,NA,0.017,NA,NA,NA,NA,NA,Copied from another article; checked once against the source. No rewrite counterpart.
hewitt_etal_2024,appendix_c1_st_diff,text,0.304 percentage point partisan difference at 10 impressions per capita,NA,0.304,NA,NA,NA,NA,NA,Copied from another article; checked once against the source. No rewrite counterpart.
hewitt_etal_2024,appendix_c2_ads,text,"testing six ads among 20,000 subjects",NA,6,NA,NA,NA,NA,archive,Produced by a simulation grid the deposit computes and does not save. No rewrite counterpart.
hewitt_etal_2024,appendix_c2_subjects,text,"20,000 subjects",NA,20000,NA,NA,NA,NA,archive,Produced by a simulation grid the deposit computes and does not save. No rewrite counterpart.
hewitt_etal_2024,appendix_c2_gain_pp,text,0.03 percentage point gain in final vote share,NA,0.03,NA,NA,NA,NA,archive,Produced by a simulation grid the deposit computes and does not save. No rewrite counterpart.
hewitt_etal_2024,appendix_c2_voters,text,"an election where 5,000,000 people vote",NA,5000000,NA,NA,NA,NA,NA,A design constant the article states and the deposit does not record. No rewrite counterpart.
hewitt_etal_2024,appendix_c2_budget,text,"$1,000,000 in ad spend",NA,1000000,NA,NA,NA,NA,NA,A design constant the article states and the deposit does not record. No rewrite counterpart.
hewitt_etal_2024,appendix_c2_experiment_subjects,text,"an experiment with 10,000 subjects",NA,10000,NA,NA,NA,NA,archive,Produced by a simulation grid the deposit computes and does not save. No rewrite counterpart.
hewitt_etal_2024,appendix_c2_net_votes,text,"an increase of approximately 1,500 net votes",NA,1500,NA,NA,NA,NA,archive,Produced by a simulation grid the deposit computes and does not save. No rewrite counterpart.
hewitt_etal_2024,appendix_c2_cost,text,"creating six ads and testing 20,000 subjects would cost $125,000",NA,125000,NA,NA,NA,NA,archive,Produced by a simulation grid the deposit computes and does not save. No rewrite counterpart.
hewitt_etal_2024,appendix_c2_cost_per_vote,text,a cost per net vote of only $83,NA,83,NA,NA,NA,NA,archive,Produced by a simulation grid the deposit computes and does not save. No rewrite counterpart.
hewitt_etal_2024,appendix_c3_budget_small,text,"budget level of $500,000",NA,500000,NA,NA,NA,NA,NA,A design constant the article states and the deposit does not record. No rewrite counterpart.
hewitt_etal_2024,appendix_c3_budget_large,text,"budget level of $5,000,000",NA,5000000,NA,NA,NA,NA,NA,A design constant the article states and the deposit does not record. No rewrite counterpart.
hewitt_etal_2024,appendix_c3_belief_error,text,"an error of the same magnitude, 0.50",NA,0.5,NA,NA,NA,NA,NA,A design constant the article states and the deposit does not record. No rewrite counterpart.
hewitt_etal_2024,appendix_c3_share_difference,text,around 3% of the media budget is reallocated,NA,3,NA,NA,NA,NA,archive,Produced by a simulation grid the deposit computes and does not save. No rewrite counterpart.
hewitt_etal_2024,appendix_d_min_ads,text,a low of five ads available to the analyst,NA,5,NA,NA,NA,NA,NA,A design constant the article states and the deposit does not record. No rewrite counterpart.
hewitt_etal_2024,appendix_d_replications,text,50 simulations per number of ads,NA,50,NA,NA,NA,NA,NA,A design constant the article states and the deposit does not record. No rewrite counterpart.
